NAME	Basal	Club	Goblet	Hillock	Multiciliated_Deuterosomal	Suprabasal
ENSG00000166535	1	1	1	228.144614380677	1	1
ENSG00000081760	1	43.2770047449563	1	1	1	52.3731317454576
ENSG00000090861	1	49.711817849586	1	1	1	79.9509534727179
ENSG00000064687	1	46.7819210855773	72.9999130511908	39.3942488846929	1	1
ENSG00000108846	54.3464144218815	1	1	1	1	1
ENSG00000033050	1	1	1	61.5958393842353	1	1
ENSG00000161204	49.4198850577734	1	1	1	1	1
ENSG00000160179	1	1	1	1	1	74.7536275224779
ENSG00000107362	1	1	1	56.3503705794758	1	1
ENSG00000136379	38.0302562681083	52.6292746941363	1	137.392893809073	1	1
ENSG00000097007	38.3799613563169	1	52.5728445156071	1	1	1
ENSG00000143322	42.5251531458203	1	1	1	1	83.9686639682947
ENSG00000173210	1	1	1	50.3709337642223	1	71.150828653767
ENSG00000107897	1	33.5456786258985	1	49.2093207973495	1	1
ENSG00000130234	1	1	1	97.9370691979689	1	1
ENSG00000177076	1	1	1	47.9012624221748	1	1
ENSG00000078124	1	25.7695358508471	1	1	1	1
ENSG00000144476	114.949369136308	1	1	67.545819664974	1	1
ENSG00000122729	1	38.6024915745153	1	1	1	1
ENSG00000097021	70.8715519345221	1	72.3570888436046	1	1	101.667500524939
ENSG00000123130	53.1407070622982	1	72.5551859796328	1	27.0999661950556	1
ENSG00000134575	1	37.3360698368646	1	1	1	1
ENSG00000162836	1	37.1067649332593	1	1	1	1
ENSG00000131069	1	71.23338069484	108.363364543944	40.7329806936354	1	67.9280131697296
ENSG00000136518	44.1505184063619	37.0569225664056	1	1	1	86.3122651652413
ENSG00000119640	1	1	1	1	109.126923232206	1
ENSG00000042980	1	143.354794454761	110.862410885389	53.369739176738	1	1
ENSG00000151651	1	1	1	1	1	86.7535122624027
ENSG00000185761	41.3233638973621	1	1	1	1	1
ENSG00000065457	1	32.8938607085227	1	1	1	1
ENSG00000174233	1	1	1	54.5862811810839	1	1
ENSG00000153294	52.1918128433255	1	1	60.4682511846205	1	70.9788303218298
ENSG00000069122	1	47.6258736172849	1	1	34.793658408514	1
ENSG00000117114	1	1	1	69.3589339913163	1	1
ENSG00000248144	136.560141647	178.498235673194	1	1	83.0796832283444	1
ENSG00000196344	121.13325243186	1	1	366.540906021583	120.220372165755	167.339359695474
ENSG00000148671	268.193094013803	55.4520352610307	1	282.135246892814	1	1
ENSG00000116863	1	1	1	1	1	107.322260317077
ENSG00000169252	97.1207418692882	74.7035753100915	118.127630682557	1	1	115.534875466379
ENSG00000139154	36.3394279233394	1	1	47.9344975595892	1	1
ENSG00000164252	36.7148938162863	1	1	48.962041452982	1	59.1791851880378
ENSG00000173467	1	52.5332965684233	1	1	1312.76762630792	1
ENSG00000110711	32.2115705711421	49.1223472004286	1	1	1	1
ENSG00000129474	178.377634846559	1	1	1	1	71.2365495565565
ENSG00000140057	1	1	1	1	138.260227906057	1
ENSG00000155085	1	1	1	1	130.072789869114	1
ENSG00000131016	86.5016310058311	1	1	1	1	1
ENSG00000186471	1	1	1	1	233.314372432961	1
ENSG00000106948	1	1	1	1	117.890352769193	1
ENSG00000148218	1	31.015512029781	1	94.3511861457951	1	1
ENSG00000006534	1	61.8799994569606	117.475130451035	1	637.621363023109	1
ENSG00000132746	1	48.6353464303762	1	87.046593117601	1	78.9972935056848
ENSG00000159423	34.4882148263761	1	1	1	1	1
ENSG00000159063	1	29.3639423999876	1	36.8181917853192	1	1
ENSG00000161905	39.2303006599044	176.27965898133	1	1	599.050813248762	1
ENSG00000179593	43.4576065129183	1	1	1	1	1
ENSG00000162551	1	1	137.264987066849	92.0306685899669	1	1
ENSG00000178038	1	1	1	53.1246510196992	43.8142890075717	1
ENSG00000139211	68.6585427116688	1	1	1	1	1
ENSG00000101935	38.9694796653206	1	1	44.8097905074399	1	65.397837380108
ENSG00000166025	64.7834715667174	1	1	1	1	1
ENSG00000196510	28.2931517532956	1	1	1	36.1672691872782	54.1816446679517
ENSG00000154122	67.4625700987467	1	1	1	1	1
ENSG00000088448	1	34.7217828513119	1	1	1	1
ENSG00000152766	1	1	1	127.042016945315	1	65.0002169922033
ENSG00000198483	1	1	1	105.192103457156	1	1
ENSG00000174501	1	71.8367213474962	1	1	69.8084039558725	1
ENSG00000154945	26.6555450518976	39.6751892524659	1	1	1	1
ENSG00000230062	1	1	1	1	181.957170223281	1
ENSG00000206199	1	1	1	1	183.688139807302	1
ENSG00000160746	1	1	1	43.3559059120301	1	1
ENSG00000177119	1	1	1	1	1	69.3128383592906
ENSG00000074855	1	1	1	64.8518661763158	1	1
ENSG00000011201	53.2839837130625	1	1	1	1	1
ENSG00000169604	1	44.8633311488438	1	1	1	1
ENSG00000109511	53.148904425505	1	1	1	1	1
ENSG00000265190	48.7106691167642	1	1	1	1	1
ENSG00000143412	1	1	1	91.1917078882595	1	1
ENSG00000138660	1	35.7542851293288	1	1	1	68.3984345721203
ENSG00000185009	37.912982634002	1	1	45.4802851431036	1	61.2117022417741
ENSG00000254470	1	1	58.8417202661374	59.5372103534991	1	83.9097226713727
ENSG00000125843	1	28.974393401972	1	1	1	1
ENSG00000169188	39.2049157356163	1	1	57.0215380058923	1	57.8077230436845
ENSG00000262156	1	1	1	226.3552947676	1	1
ENSG00000128383	1	1	1	226.3552947676	1	1
ENSG00000184831	1	44.9233026196293	92.1005706451437	50.852918218938	126.272812149939	1
ENSG00000155008	1	37.0202676833548	78.0948915940158	45.701977863534	1	74.5719994767562
ENSG00000137074	36.2198440148642	1	1	1	38.9951620286546	50.6423218347862
ENSG00000161798	1	363.728634987208	811.328926839363	657.373864817022	1	68.5740687529898
ENSG00000047365	1	1	1	57.4554263192524	1	1
ENSG00000149182	1	1	1	36.2656714642162	1	1
ENSG00000112379	1	68.4141356154039	1	1	122.54014189454	1
ENSG00000165322	1	48.6320138457081	47.0009701676195	1	1	1
ENSG00000146376	1	42.8991556519851	76.3908001389478	1	264.550331842598	1
ENSG00000111348	1	80.6233844966498	1	60.7160504773991	1	1
ENSG00000076928	43.8936096831227	1	1	1	1	1
ENSG00000074964	1	28.4815113037027	1	63.3098748141615	1	1
ENSG00000183111	1	1	58.8059776696657	42.746971213301	30.5713049568231	1
ENSG00000102606	1	1	69.4067656804961	1	1	1
ENSG00000165309	1	1	1	1	283.749267197533	1
ENSG00000141480	1	49.4389071618987	1	1	1	1
ENSG00000140450	1	1	104.126753228177	159.252280687291	1	88.2553816327014
ENSG00000153317	39.6425259188376	1	1	1	1	1
ENSG00000151693	44.9246916300487	32.7051989325456	1	1	1	60.4540511390973
ENSG00000138303	1	31.5991690414172	1	1	1	1
ENSG00000166183	1	1	1	66.9148710365037	1	1
ENSG00000107669	1	1	1	57.6523190535687	1	1
ENSG00000166669	1	1	1	1	156.032072579258	1
ENSG00000175224	1	31.8582440466235	1	1	1	1
ENSG00000101844	1	1	1	58.9759888533218	1	1
ENSG00000118322	1	34.4537924737464	74.6537050801464	73.2054349535928	1	1
ENSG00000145246	43.3836096990459	1	1	1	1	1
ENSG00000075673	1	146.662764584543	239.286483398975	597.070110840205	1	1
ENSG00000159363	1	1	60.1500143640974	51.1145294690393	1	1
ENSG00000127249	1	1	1	62.6958489161499	1	1
ENSG00000070961	70.270517308783	57.6234226359747	1	1	1	77.2742456536271
ENSG00000285390	229.772153807655	115.541940277256	1	1	1300.6909749147	1
ENSG00000130770	229.772153807655	115.541940277256	1	1	1300.6909749147	1
ENSG00000033627	1	41.272800961535	1	76.2517847167726	1	1
ENSG00000163635	1	45.8850561051493	1	1	1	1
ENSG00000087152	1	31.8623744176302	1	53.6562814800481	1	62.3166213658855
ENSG00000167601	51.3814838023409	1	1	1	1	1
ENSG00000149541	35.2924816806648	1	1	1	1	1
ENSG00000170340	1	37.6893884100598	1	1	1	1
ENSG00000179913	1	66.6367936983132	113.433323779365	136.633277435957	1	1
ENSG00000156966	1	74.8526588922154	68.4283668429547	1	153.255779836249	1
ENSG00000108641	1	1	1	1	212.297344398365	1
ENSG00000123810	1	1	1	1	179.996155677943	1
ENSG00000156735	28.4778751970805	1	1	56.8062424415074	1	1
ENSG00000006453	1	34.3109474293505	70.0207556176575	1	109.194519699943	1
ENSG00000163930	43.6984341899729	1	1	1	1	1
ENSG00000105327	1	68.9581842734584	132.316107296593	1	1	89.4323128213907
ENSG00000214413	1	1	1	1	141.27374472826	1
ENSG00000171159	1	40.1060452639581	1	61.3118191687464	1	1
ENSG00000119636	1	1	1	1	267.921831702889	1
ENSG00000187244	443.313195300811	1	1	1	1	1
ENSG00000105552	33.3885901902775	1	1	1	1	1
ENSG00000103507	39.3843766248474	1	1	1	1	44.9093897149452
ENSG00000140379	1	42.2561754536831	65.2548254193179	41.2886318105997	1	1
ENSG00000153094	1	34.7265563360936	1	61.0951256828818	1	1
ENSG00000069399	1	48.2779876743822	1	36.5452211704182	1	1
ENSG00000117475	36.6435466730764	1	1	63.5513191707784	1	76.0162016170689
ENSG00000168487	86.0238815775064	1	1	1	1	44.2442840063531
ENSG00000125845	50.9599558443453	1	1	1	1	1
ENSG00000101144	37.5591881848712	1	1	1	1	1
ENSG00000138696	1	62.4706623458266	1	1	42.6457962710489	1
ENSG00000169594	41.4014818955511	1	1	1	1	1
ENSG00000163141	1	1	1	196.305737704915	1	61.756878219391
ENSG00000172331	1	1	95.1223888882359	1	66.163726563801	76.5855985440212
ENSG00000131050	1	81.776365680552	1	1	1	1
ENSG00000125999	296.942180782785	12614.5117920779	1475.72573736582	101.84006647533	1696.31286608767	170.163361880443
ENSG00000162813	1	49.2332184341436	87.0191150238987	56.7256832855568	1	62.964980920525
ENSG00000096070	1	35.5924292650202	1	1	1	1
ENSG00000119411	1	121.437259234182	129.959792847348	158.102145655106	1	84.2427316520613
ENSG00000184887	1	27.2954924638173	1	61.2127638750087	1	79.2595657985371
ENSG00000186470	1	34.9955832619694	1	1	1	1
ENSG00000176029	1	1	1	1	128.571423512303	1
ENSG00000182919	1	28.9909524867539	1	49.8446697882217	1	1
ENSG00000175573	31.8914470769897	1	1	1	1	66.3914862746993
ENSG00000187479	1	91.8352218312256	1	97.0236329035021	1	1
ENSG00000257057	1	1	1	1	291.520334452132	1
ENSG00000133641	1	1	1	58.156728879565	1	60.5467415709213
ENSG00000235162	1	1	1	1	282.055875450617	1
ENSG00000166920	1	105.139999983446	596.831661276653	93.8363207965679	1	462.88836257407
ENSG00000154102	38.7659317108493	1	1	1	1	1
ENSG00000153446	1	49.7708099955224	1	1	1	1
ENSG00000152242	1	1	1	1	31.8264010366104	79.4281519307755
ENSG00000182326	78.4304970014459	1	1	1	1	1
ENSG00000124237	1	1	1	1	2468.24267112146	1
ENSG00000196476	1	1	1	1	136.061320134011	1
ENSG00000160298	1	1	1	1	237.778289811169	1
ENSG00000154642	40.6357958017048	1	70.1771263773892	1	31.556886597407	42.3162736385304
ENSG00000273579	1	1	1	1	247.794392384017	1
ENSG00000169314	1	1	1	1	247.794392384017	1
ENSG00000168887	1	1	1	45.0387652187833	29.1195811896427	1
ENSG00000154274	1	73.87960952475	215.874320237562	59.4936526823972	1	75.1399564740908
ENSG00000112539	1	1	1	1	188.44064146227	1
ENSG00000164746	1	1	1	1	116.236497209719	1
ENSG00000188959	1	42.3891913450984	69.0291350494845	1	1	1
ENSG00000164972	1	1	1	1	2807.17242607	1
ENSG00000074410	189.303681653506	1	1	1	1	101.629796833736
ENSG00000120159	1	32.4037521052968	74.5721852985864	49.6496502067314	1	1
ENSG00000102547	1	31.3501077180008	1	1	1	1
ENSG00000183346	1	1	1	1	180.109216743283	1
ENSG00000081803	1	31.9184941691247	1	1	1	1
ENSG00000148660	1	41.9538264811424	1	69.9132087945718	1	1
ENSG00000162545	167.375000150677	46.7527804031546	1	123.00151554935	1	248.473268389774
ENSG00000130559	1	1	1	70.7998842659542	81.6373283063883	84.4892213417237
ENSG00000162949	1	216.257948397803	1	1	1	1
ENSG00000149260	1	37.3526994792283	1	37.1429478695079	1	1
ENSG00000203697	1	31.635254620829	1	1	1	1
ENSG00000256812	1	1	1	83.7072977944457	1	73.4953642940386
ENSG00000105519	156.889172375558	75.539656064237	1	1	3620.82709761151	1
ENSG00000152611	1	1	1	1	596.746224670769	1
ENSG00000132357	1	28.1615084478213	1	68.7449298439752	1	1
ENSG00000153048	63.2529795120624	97.587192776793	98.8771123315743	1	125.712228942029	1
ENSG00000246228	1	41.8282335813742	69.5468360311467	1	1	1
ENSG00000137752	38.2444926301258	38.7226126516815	68.1722858166382	1	1	68.8473057567627
ENSG00000106144	1	1	1	41.1170511266562	1	1
ENSG00000164305	1	35.9777461033084	1	41.1035512499566	1	1
ENSG00000138794	1	25.8338820698254	68.8177133376947	1	1	1
ENSG00000165806	1	57.8107323443491	1	1	56.5676097843511	1
ENSG00000174898	1	1	1	1	188.216031418012	1
ENSG00000105974	920.999885690051	1	1	1	1	434.705483965573
ENSG00000177469	397.91563619467	1	1	1	1	277.943951805338
ENSG00000170955	90.2366649540314	1	1	1	52.6918183842225	1
ENSG00000114423	72.1287551007927	1	1	1	1	1
ENSG00000048342	1	1	1	1	209.941476275856	1
ENSG00000159884	1	51.2715816193668	50.8691623189455	1	61.9193208173805	1
ENSG00000103021	1	1	1	1	259.468855088845	1
ENSG00000135205	1	1	1	1	401.619127338019	1
ENSG00000248712	1	1	1	1	305.880040456482	1
ENSG00000159588	1	1	1	1	440.39612487312	1
ENSG00000120262	1	1	1	1	639.996172230962	1
ENSG00000117477	1	1	1	1	113.65197640957	1
ENSG00000185860	1	1	1	1	169.219039748156	1
ENSG00000151468	64.928450668633	1	1	1	1	1
ENSG00000186409	1	1	1	1	121.139085737152	1
ENSG00000288407	1	1	1	1	152.492775702861	1
ENSG00000140481	1	1	1	1	152.492775702861	1
ENSG00000109881	36.126328753677	1	1	1	259.212443974507	1
ENSG00000291505	1	1	1	1	126.825940102708	1
ENSG00000141519	1	1	1	1	126.825940102708	1
ENSG00000139537	1	1	1	1	152.42373859791	1
ENSG00000198624	1	68.3011752644896	59.6688515602986	1	119.967811889302	1
ENSG00000163040	1	1	1	1	299.956247347219	1
ENSG00000292118	1	1	1	1	119.762993694706	1
ENSG00000152076	1	1	1	1	119.762993694706	1
ENSG00000162004	1	1	1	1	587.5354595123	1
ENSG00000115355	46.6759906138105	1	1	1	1	1
ENSG00000115009	242.579919322034	626.566298579718	897.120105882683	299.903885700987	1	397.728118689913
ENSG00000151882	1	1	137.658875450222	1	43.3165004635527	1
ENSG00000291784	39.0982541629669	1	1	1	1	1
ENSG00000100814	39.0982541629669	1	1	1	1	1
ENSG00000118971	489.19223911106	67.0156474706774	1	39.5324771278375	1	206.877765559735
ENSG00000134480	1	1	1	1	1	41.630779019251
ENSG00000152669	1	105.688361085963	1	1	128.538232832475	1
ENSG00000103540	1	1	1	1	142.540725335293	1
ENSG00000260916	30.9644806066061	57.0738754261809	67.9303426094637	1	48.8458788165551	1
ENSG00000156535	193.602637078486	1	1	1	1	78.687016443066
ENSG00000174950	1	1	1	1	189.410531918714	1
ENSG00000103855	49.555938060888	53.0257923851744	86.8830365124645	1	1	59.3909377751795
ENSG00000135218	1	1	1	107.644844355635	1	1
ENSG00000129226	1	1	83.7403913324978	1	1	65.2332225563561
ENSG00000081377	1	47.1802282311787	1	1	49.7143445347454	1
ENSG00000099804	1	28.4783426279639	1	38.1287313664053	1	1
ENSG00000106993	43.1845056496322	1	1	1	1	1
ENSG00000170779	61.4421058843822	1	1	1	1	1
ENSG00000124215	1	52.2723958472986	1	115.319508002032	58.5956543476092	1
ENSG00000113361	81.8801477893131	1	1	1	1	1
ENSG00000128536	1	1	1	1	321.311600594116	1
ENSG00000187492	1	1	1	1	276.224607090377	1
ENSG00000164885	1	28.9382934113716	1	1	1	1
ENSG00000168564	1	1	1	51.172286530819	1	1
ENSG00000153046	45.4919285076619	27.21334132113	1	37.839010057974	1	121.363544602975
ENSG00000079385	1	53.9509954675611	173.071917188735	197.816271631415	1	86.0442453294778
ENSG00000105388	1	205.789553310776	788.056799844032	833.83837092027	1	188.823553861666
ENSG00000086548	86.7529302303342	1997.80488177702	3538.34548865385	1640.668584829	144.94859377851	956.640976387772
ENSG00000048740	1	57.3768722587543	63.9021311670999	1	1	1
ENSG00000143126	70.6290362180974	1	1	90.0201310550142	1	91.3481773335755
ENSG00000100162	1	1	1	1	120.181085766581	1
ENSG00000110318	1	1	1	1	238.632438559545	1
ENSG00000182923	1	31.8777120128998	1	1	1	1
ENSG00000090661	1	52.0830053399169	1	1	88.5974173358637	1
ENSG00000262243	1	1	1	1	132.096272568554	1
ENSG00000198848	1	1	1	1	132.096272568554	1
ENSG00000163885	1	1	1	1	118.847334176208	1
ENSG00000188931	1	1	1	1	573.836614855109	1
ENSG00000160401	1	1	1	1	313.918536977406	1
ENSG00000272514	1	1	1	1	138.623634246209	1
ENSG00000163075	1	1	1	1	174.438710650849	1
ENSG00000137691	1	1	1	1	371.86933338781	1
ENSG00000197748	1	1	1	1	250.419950413054	1
ENSG00000206530	1	1	1	1	130.527038715542	1
ENSG00000213085	1	1	1	1	365.9738063847	1
ENSG00000171811	1	1	1	1	111.147623058749	1
ENSG00000166596	1	1	1	1	231.346584916229	1
ENSG00000172361	1	1	1	1	370.008460122309	1
ENSG00000181378	1	1	1	1	136.020788636058	1
ENSG00000156042	1	1	1	1	141.351671767354	1
ENSG00000186710	1	1	1	1	244.212953074119	1
ENSG00000142609	1	1	1	1	124.621682337025	1
ENSG00000188523	1	1	1	1	188.381151421684	1
ENSG00000205403	40.5618803016224	81.8364008256517	65.5812385001064	1	1	1
ENSG00000165410	1	72.062116082466	65.3328868905862	1	1	70.1465736437136
ENSG00000001626	1	30.2776887375097	1	1	1	1
ENSG00000128965	1	1	1	1	1	95.8492060569954
ENSG00000124177	25.7387287381438	46.0110761082778	1	1	1	1
ENSG00000085872	1	28.4553638804338	1	1	1	1
ENSG00000072609	1	30.9780700143762	1	51.1943335185931	1	1
ENSG00000110721	1	56.1635054569692	85.2826595633625	1	1	1
ENSG00000188419	35.311055316688	1	1	1	1	1
ENSG00000166869	1	80.9241992650342	1	1	1	1
ENSG00000111666	1	52.6887151808674	85.272654459634	46.2918726924872	1	1
ENSG00000104472	38.5203574244687	44.3487112265211	1	1	1	80.6398898642991
ENSG00000182022	1	37.6414867628939	1	1	1	1
ENSG00000213341	1	1	1	57.7928258941317	1	1
ENSG00000166797	1	44.7003417426459	77.9017034777793	1	1	1
ENSG00000166595	1	1	92.8640965077957	59.3932307911886	1	62.209026496331
ENSG00000136108	50.4103883674828	1	1	1	1	1
ENSG00000016602	1	1	1	216.617387182204	1	1
ENSG00000134873	1	135.612658060864	1	1	1	1
ENSG00000165215	1	1	1	1	149.623575483382	1
ENSG00000288292	1	98.8878538584748	1	1	228.956301490134	1
ENSG00000181885	1	98.8878538584748	1	1	228.956301490134	1
ENSG00000169583	1	1	1	100.663585605146	1	1
ENSG00000115295	43.3352207546177	1	1	1	1	85.5080049638038
ENSG00000165959	1	1	1	1	274.669265637536	1
ENSG00000188603	1	1	1	52.4246970993118	1	1
ENSG00000103351	1	1	1	1	244.415604805037	1
ENSG00000168405	1	32.7174550856122	1	1	1	1
ENSG00000134326	1	1	138.638363934796	1	1	1
ENSG00000140931	41.0016298550284	1	1	1	1	1
ENSG00000170293	1	59.1163201116425	41.4315392831418	37.551788765037	1	1
ENSG00000105427	1	1	1	194.224893328704	27.5259158125458	1
ENSG00000080802	28.3003482298857	44.9285356768936	1	1	1	1
ENSG00000256053	1	1	1	51.4459593343254	1	1
ENSG00000106078	1	1	51.8020625575451	1	55.6112967474832	1
ENSG00000082438	1	1	1	1	1	63.3877432040165
ENSG00000135775	1	33.0964730945832	1	1	1	62.700723899888
ENSG00000136152	1	29.7550912342244	1	1	1	1
ENSG00000065618	503.723955496718	1	1	1	1	245.5683678875
ENSG00000108821	1	38.3285238542013	54.1080322696238	1	1	89.9678860662665
ENSG00000188153	45.7121798405328	1	1	1	1	1
ENSG00000114270	128.931725217446	1	1	1	1	1
ENSG00000130309	58.130052447669	1	1	1	1	76.4042991842618
ENSG00000110442	1	1	1	40.5325517017934	1	1
ENSG00000172301	1	1	1	1	143.225135646193	1
ENSG00000167113	30.9535684801267	1	1	1	222.019092646496	1
ENSG00000110871	1	36.2311498730176	1	1	1	1
ENSG00000119723	1	36.3464427921265	1	1	1	1
ENSG00000103187	63.2845326249312	1	1	1	1	67.2338713661953
ENSG00000014919	1	35.9613602716133	82.4735552399288	62.26697364268	1	59.302740593149
ENSG00000128510	161.744782901261	1	1	78.1259603167116	1	123.225320654579
ENSG00000137449	1	1	1	69.4936093571619	1	1
ENSG00000135678	1	1	1	149.123104185381	1	70.7359692965472
ENSG00000140848	1	48.2170509666669	1	1	32.1348996383675	1
ENSG00000103381	1	51.8025115719524	58.370704465114	58.6601794045013	1	1
ENSG00000119203	1	32.4574480927559	58.8804868395385	1	1	51.8838449967783
ENSG00000177685	1	58.6725042187866	56.8673384393167	1	67.1416270568163	1
ENSG00000113851	1	35.5732058581073	1	1	1	1
ENSG00000118260	36.2247540108878	31.5944242405694	1	1	1	52.9835510081308
ENSG00000157613	1	114.568672824872	141.662140971975	1	1	1
ENSG00000164463	1	43.1618179014063	1	1	1	1
ENSG00000213145	1	1	1	1	247.120716512829	1
ENSG00000099942	37.9047793561045	1	1	1	1	1
ENSG00000109846	1	1	1	1	1	77.2171098833727
ENSG00000165475	1	44.3252122570559	1	1	1	1
ENSG00000104218	1	1	1	1	169.647348534831	1
ENSG00000175183	43.5187346545112	1	1	1	1	1
ENSG00000175315	1	1	1	1	258.62954742155	59.1897631023397
ENSG00000121552	1021.30268410282	247.804245415355	832.889950806541	11119.0601578628	70.8209300471043	4236.68533781225
ENSG00000136943	57.8099407748955	1	1	262.66015290861	1	1
ENSG00000178531	1	1	1	1	278.248628346944	1
ENSG00000180891	1	1	42.6255711083647	1	39.5560249412223	1
ENSG00000108094	1	1	1	1	1	67.9556709560662
ENSG00000163510	44.5653899638063	1	1	36.7139741929994	1	1
ENSG00000006210	1	144.623439154461	241.773863859084	1	1	97.5524971114688
ENSG00000169248	1	1	130.457897051951	1	1	1
ENSG00000145824	214.267141329193	1	1	76.0287953386819	1	90.4113172588685
ENSG00000163734	1	227.460230074699	281.624101812865	1	1	1
ENSG00000163735	1	1	203.604500158707	1	1	1
ENSG00000124875	1	1135.11118486272	1414.89858023429	130.244796252061	1	307.034150150761
ENSG00000174151	1	1	1	58.8417767612239	1	1
ENSG00000114395	1	37.9119786793091	1	1	1	1
ENSG00000166394	1	1	1	58.6055749203543	1	1
ENSG00000065615	1	28.231175954877	1	1	1	1
ENSG00000071967	33.9026820325838	1	1	1	1	1
ENSG00000055163	1	55.0458215431324	1	1	1	1
ENSG00000140465	122.615386178066	73.34919649398	1	1	1	1
ENSG00000095596	110.095845939627	1	1	1	1	1
ENSG00000256612	1	251.896044559948	153.640220432993	59.2645311716797	1	1
ENSG00000108242	1	1	1	134.328102423292	1	1
ENSG00000197446	1	246.896563121599	1	1	1	1
ENSG00000134716	1	43.8230718357632	84.7023970763662	1	1	1
ENSG00000145476	1	30.7049012507501	1	1	1	1
ENSG00000186377	43.4624810587519	197.172576839336	93.5536019564481	1	57.9912489394968	1
ENSG00000178149	1	1	1	1	139.272804830367	1
ENSG00000163331	44.945308988733	1	1	1	1	1
ENSG00000164465	1	1	1	1	1	52.2305991432376
ENSG00000222046	1	1	1	1	120.151386755551	1
ENSG00000153904	1	61.6865062510293	70.2229344405244	1	100.393092884933	1
ENSG00000175197	43.2045224452628	50.8213550677079	76.5037812471325	1	1	1
ENSG00000174243	35.1318260747533	34.1931236063818	59.9748543733737	1	34.3975417422884	1
ENSG00000183258	31.8952755123811	1	1	1	1	1
ENSG00000107625	47.1262177844238	39.54756260781	1	1	1	67.8671981089416
ENSG00000123064	44.894263758878	1	1	1	1	43.0396482346413
ENSG00000137628	1	1	84.303978818058	1	1	103.914125277215
ENSG00000181381	1	1	87.6324216604488	1	1	1
ENSG00000158796	1	44.2338087288354	1	50.7042755893673	1	83.3589292451363
ENSG00000168350	1	1	1	1	139.755969576442	1
ENSG00000081791	1	1	1	27.7410170465301	1	1
ENSG00000166444	1	41.8456734963524	1	63.9125844219706	1	1
ENSG00000175984	1	1	1	71.7389253498315	38.9021650354488	75.1569355340325
ENSG00000137145	1	41.3748895999298	1	48.9118901475233	1	1
ENSG00000205593	1	1	1	1	147.03594477991	1
ENSG00000100418	38.3642506476116	1	1	1	1	1
ENSG00000147202	1	1	1	1	132.882576620034	1
ENSG00000107984	68.1145001295156	1	89.7645335895778	1	1	74.337625787544
ENSG00000050165	91.8726220949659	1	1	1	1	1
ENSG00000008226	1	1	1	1	114.930763740445	1
ENSG00000171462	61.5827857733231	1	1	1	1	1
ENSG00000125375	1	32.9293177254263	1	1	1	1
ENSG00000154099	1	1	1	1	812.911318667413	1
ENSG00000167646	1	1	1	1	133.250087617202	1
ENSG00000256061	1	1	1	1	148.75537854059	1
ENSG00000105877	1	1	1	1	108.76263357248	1
ENSG00000174844	1	1	1	1	303.919064819811	1
ENSG00000158486	1	1	1	1	135.209942189968	1
ENSG00000039139	1	1	1	1	372.587024522738	1
ENSG00000115423	1	1	1	1	157.331976030437	1
ENSG00000118997	1	1	1	1	158.781382561846	1
ENSG00000007174	1	1	1	1	215.385167582341	1
ENSG00000122735	1	1	1	1	148.996499089392	1
ENSG00000171595	1	1	1	1	135.703626402717	1
ENSG00000176410	41.3632536273459	40.7408117570248	46.2977650562721	1	1	1
ENSG00000119661	1	1	1	1	216.754822537817	1
ENSG00000100246	1	1	1	1	117.894017869028	1
ENSG00000163879	1	1	1	1	618.90829042692	1
ENSG00000147459	41.5438917391323	1	1	1	1	1
ENSG00000088387	43.4742443892792	1	1	1	1	1
ENSG00000166171	1	1	1	1	370.813668775347	1
ENSG00000142002	46.3384624077488	1	52.7836685870739	1	1	56.5568849306388
ENSG00000156162	1	26.0614075186799	1	1	1	1
ENSG00000188641	1	39.4512104747081	1	1	1	1
ENSG00000113657	1	30.4086769637663	1	1	1	1
ENSG00000157856	1	1	1	1	154.493869245896	1
ENSG00000171962	1	1	1	1	382.283927072369	1
ENSG00000134755	1	1	66.9241090934252	428.923012854712	1	390.382337468017
ENSG00000134762	147.280272034415	1	1	77.4038585043963	1	157.919308008507
ENSG00000111817	89.0794427669749	1	1	1	47.9559879430253	84.645272115098
ENSG00000134757	174.708595314948	1	73.395322675862	468.043352143203	1	462.188526872601
ENSG00000125821	53.5405534425216	1	1	1	1	1
ENSG00000197057	1	1	1	1	131.93815920036	1
ENSG00000163840	53.4204951046768	58.5312925113247	106.651467943439	1	1	76.4809470801354
ENSG00000140279	1	1	268.501384338043	228.045445792825	1	1
ENSG00000143507	1	72.5013383807428	1	65.1378766367099	1	120.646349141064
ENSG00000291483	57.701434982044	1	1	1	1	55.0544450857702
ENSG00000144048	57.701434982044	1	1	1	1	55.0544450857702
ENSG00000167065	1	1	1	1	150.820768144434	1
ENSG00000164086	41.3717720153036	1	1	1	1	1
ENSG00000107404	1	1	1	1	1	98.1772770567811
ENSG00000133665	1	1	1	1	291.366033951254	1
ENSG00000141627	1	1	1	51.4372196651358	1	71.0094729766361
ENSG00000187240	1	1	1	1	197.407088510856	1
ENSG00000119333	1	24.071026615586	71.2121670715411	61.5832607286603	1	66.0037795638174
ENSG00000138036	1	1	1	1	133.620971646562	1
ENSG00000168589	1	1	1	1	704.111499432031	1
ENSG00000198919	1	1	1	1	241.295780323296	1
ENSG00000205250	44.5592603448607	1	1	1	1	46.1159274913398
ENSG00000122882	1	36.0427749091886	1	1	1	1
ENSG00000143369	1	1	1	118.914687038456	1	1
ENSG00000283391	494.899918926954	180.500430149169	1	1	277.362758332071	1
ENSG00000114942	494.899918926954	180.500430149169	1	1	277.362758332071	1
ENSG00000273594	526.080783302514	268.021962773363	1	1	256.43856069278	1
ENSG00000104529	526.080783302514	268.021962773363	1	1	256.43856069278	1
ENSG00000185055	1	1	1	1	232.009126620789	1
ENSG00000203666	1	1	1	1	170.214557523918	1
ENSG00000096093	1	1	1	1	644.069245511024	1
ENSG00000183690	1	1	1	1	122.466273300328	1
ENSG00000143590	1	1	1	64.9483357357983	1	1
ENSG00000090776	85.8633615716195	1	1	1	1	1
ENSG00000198759	31.3050175991505	1	1	1	1	1
ENSG00000129521	56.3951962751419	1	1	1	1	1
ENSG00000115504	47.0673424174644	1	1	1	1	1
ENSG00000282986	298.593912421597	93.170731246646	1	1	257.980041694945	1
ENSG00000178982	298.593912421597	93.170731246646	1	1	257.980041694945	1
ENSG00000006744	34.3970479051618	1	1	1	1	47.7209195687134
ENSG00000135374	1	1	1	105.38758598605	1	1
ENSG00000127463	52.5434396907023	1	1	1	1	95.3567381316754
ENSG00000125746	1	1	84.9408518765442	1	55.0077097766391	1
ENSG00000149499	51.3354365641973	1	1	47.4325462629415	1	1
ENSG00000142227	114.83035869082	1	1	1	1	1
ENSG00000149218	1	31.5600393011587	1	53.586469595712	1	84.1497215228953
ENSG00000167136	1	1	1	1	236.187452538003	1
ENSG00000124074	1	1	1	1	143.247505423579	1
ENSG00000151023	1	1	1	1	320.377782771407	1
ENSG00000112796	1	1	1	1	111.262028168152	1
ENSG00000197217	1	51.3463248672831	1	1	1	1
ENSG00000187097	1	34.5027717228666	1	1	1	1
ENSG00000197586	1	43.8332841686786	69.4499718334224	38.8502774359084	1	1
ENSG00000165689	1	31.1157031918841	60.4418562706902	1	1	54.1246720808231
ENSG00000163378	37.6902435543483	1	1	1	1	1
ENSG00000116106	1	1	1	57.0598144837414	1	1
ENSG00000133216	83.4331474414522	1	1	1	1	1
ENSG00000196411	48.6538138427081	1	1	1	1	1
ENSG00000105131	1	1	60.2719025044479	79.758859976474	1	1
ENSG00000261150	37.1992645421318	1	1	1	64.3884874782601	99.131243892468
ENSG00000127527	1	1	1	55.3474029017051	1	56.0114574921478
ENSG00000133106	1	1	220.643510554115	1	1	133.928960010649
ENSG00000178965	1	1	1	1	264.484658481086	1
ENSG00000134398	1	73.4941909438564	80.52794839179	1	34.4911815173628	1
ENSG00000141446	1	35.7819289513863	1	1	1	1
ENSG00000134954	67.3988071942854	1	1	1	1	54.540914741215
ENSG00000167880	1	1	1	160.910054257054	1	91.4761248053074
ENSG00000180104	1	55.847032680726	1	55.3000266182519	1	1
ENSG00000138190	1	36.7733271012206	1	1	1	1
ENSG00000171824	32.5097868075462	1	92.5011779023205	50.7975301931054	1	69.4567152779863
ENSG00000075914	53.5224799028056	1	1	1	1	1
ENSG00000120699	49.1154244386013	1	1	1	1	1
ENSG00000103089	1	1	1	45.0769841159359	1	1
ENSG00000168040	49.3765945051195	1	1	1	1	1
ENSG00000149485	1	49.0296160265439	1	1	1	1
ENSG00000134824	1	109.456015428513	117.667491918806	1	1	1
ENSG00000180185	39.0176013496536	1	1	1	1	1
ENSG00000125898	1	1	1	43.7642195339463	1	26.602658529326
ENSG00000082269	1	1	1	76.8543411154422	1	1
ENSG00000215187	1	1	1	1	248.286093971395	1
ENSG00000116199	1	40.8925772241851	1	1	1	64.3183773686024
ENSG00000179813	1	1	1	1	532.039059547185	1
ENSG00000196227	36.7068159568999	1	1	1	1	1
ENSG00000184949	1	1	1	1	247.33312384859	1
ENSG00000203778	1	1	1	1	692.16428933723	1
ENSG00000071889	36.0066572505154	1	1	1	1	1
ENSG00000183844	35.339683478021	1	1	47.4015381050834	1	1
ENSG00000198643	1	134.536724874831	80.1864715605286	228.753797778222	1	1
ENSG00000071859	1	29.4434639351306	59.6082907949039	1	33.4943870582864	1
ENSG00000153347	1	1	1	1	301.759920340458	1
ENSG00000168143	1	1	1	45.4652175592246	1	38.3620642939778
ENSG00000101447	1	1	1	55.3158889105225	1	1
ENSG00000105523	1	93.5132057805167	158.129663129243	77.2995848403376	1	66.1200812319004
ENSG00000133477	74.8696888379822	1	1	1	1	1
ENSG00000203780	1	1	1	1	339.662331974826	1
ENSG00000026103	39.4141585787662	1	67.4528001536861	1	1	55.9311567334259
ENSG00000118246	1	1	59.9595642207529	1	1	49.9781567910753
ENSG00000083857	83.6212248882596	1	1	1	1	49.3105545797951
ENSG00000086570	59.6284248845862	1	1	1	1	1
ENSG00000280548	73.4137561747868	1	1	1	55.5429999618574	1
ENSG00000105202	73.4137561747868	1	1	1	55.5429999618574	1
ENSG00000112787	43.9547443213271	33.9677801402133	1	1	1	65.9204405092603
ENSG00000145743	1	32.2537123299073	1	32.9597889147069	1	1
ENSG00000178974	1	44.2808195138029	1	1	35.8122541193919	1
ENSG00000174013	1	1	1	1	1	77.5088962665609
ENSG00000109670	40.2058268965359	1	1	1	1	1
ENSG00000157107	1	43.1709566319155	76.7848339690773	40.7707856074232	1	1
ENSG00000161513	1	1	54.5048651413329	1	89.1416737005732	1
ENSG00000145780	1	41.9882579733085	75.6646648581269	45.5616004372593	1	64.9591469983979
ENSG00000101311	146.30381280945	1	1	87.1623625108989	1	115.060731952756
ENSG00000090512	1	1	1	94.0429140516402	1	1
ENSG00000149557	49.2449052818767	1	1	1	1	1
ENSG00000180263	55.6134130700098	1	1	1	1	1
ENSG00000066468	39.8218176641764	59.728807373655	1	1	1	1
ENSG00000142621	1	1	1	1	221.526183454968	1
ENSG00000145216	43.2208731016432	1	1	1	40.6646567379785	63.0115891742335
ENSG00000179431	65.1885646748975	1	1	1	1	1
ENSG00000134285	1	43.6752650020549	1	1	1	1
ENSG00000096060	68.0517954850182	35.3511451776806	80.7165750225567	1	1	75.3365553647424
ENSG00000122642	48.8815509997776	1	1	1	1	1
ENSG00000196924	305.69688851578	1	1	1	1	178.431084427648
ENSG00000125848	57.076554881441	1	1	1	1	1
ENSG00000157827	55.2429384031814	1	1	1	1	1
ENSG00000094963	42.5073542560641	47.1915242695818	1	1	1	1
ENSG00000052795	1	43.7880438882774	1	1	1	1
ENSG00000129654	1	1	1	1	660.296705427596	1
ENSG00000198815	1	1	1	55.1609784990928	1	1
ENSG00000150907	1	1	1	33.1665538920591	1	1
ENSG00000137166	1	31.9705218348048	1	1	1	1
ENSG00000136877	37.2544562062879	60.4828814143805	58.7994520416881	1	1	1
ENSG00000181274	1	1	1	46.5663579762255	1	1
ENSG00000139926	91.3185434872164	1	1	49.7860293084576	1	82.8189152882069
ENSG00000170324	1	1	1	1	134.313189274666	1
ENSG00000075539	46.3835990213153	1	1	1	1	1
ENSG00000075618	251.077740454479	1	1	1	1	150.345438224009
ENSG00000134363	112.565645068267	1	1	1	1	1
ENSG00000163430	1	40.1888354308839	96.8045451041745	1	100.220411907409	1
ENSG00000070404	44.5438011461515	1	1	1	1	146.452921902337
ENSG00000108592	1	33.0323781997748	1	1	1	1
ENSG00000001036	67.7962339653996	38.3756153627393	96.6263353009477	1	35.5639259191621	1
ENSG00000069509	49.3136124309452	34.9342062283617	66.1913570911654	1	1	1
ENSG00000176920	1	93.5584255951605	128.827528369048	112.729752471799	1	52.3065081150808
ENSG00000292063	1	96.4996991051699	232.350190510879	194.797471534641	1	98.8052903196029
ENSG00000171124	1	96.4996991051699	232.350190510879	194.797471534641	1	98.8052903196029
ENSG00000156413	1	58.3470413563189	79.9404190832346	77.5695874161326	1	1
ENSG00000010361	1	1	1	1	128.836890350286	1
ENSG00000089327	99.0871979314105	1	1	1	1	1
ENSG00000082074	167.63890233214	1	1	1	1	85.375417171715
ENSG00000177283	1	37.4288518868004	1	1	1	1
ENSG00000123689	123.085028263438	1	1	1	1	207.222833704008
ENSG00000094755	1	77.8991098724645	1	65.4640509954409	1	1
ENSG00000054983	1	1	63.2150535385209	1	59.8392192183014	1
ENSG00000139629	1	171.72886874238	104.405478650062	37.2862296907664	1	43.3309102119908
ENSG00000130005	32.9158204507013	1	1	1	1	1
ENSG00000109534	33.8655521724853	1	1	1	36.6005028164642	82.4318663812748
ENSG00000141441	1	1	1	47.7927295144345	1	1
ENSG00000070610	1	40.4716145088655	1	1	1	1
ENSG00000114480	42.3368796395329	1	1	1	1	70.3274026966125
ENSG00000162645	1	52.4075488868232	50.5216123445828	44.8339463713748	1	1
ENSG00000183347	1	1	1	123.702089003983	1	165.291963716203
ENSG00000131979	1	39.7096329920496	1	1	1	1
ENSG00000140297	1	70.6004280859993	230.010506791602	167.590605468863	1	96.261876892318
ENSG00000119125	1	44.9725989235037	89.2205378039669	1	63.0947740896581	1
ENSG00000102886	1	1	1	113.074230556751	1	1
ENSG00000239857	1	1	1	51.1144240438527	1	99.7415429257745
ENSG00000145990	33.3624052273826	26.0545017418076	1	1	1	77.2173065244807
ENSG00000125447	1	1	1	57.6696262461373	1	1
ENSG00000137563	28.847949709017	1	1	52.0406016854039	1	1
ENSG00000131067	1	32.7148402206782	1	1	1	1
ENSG00000146830	25.4869531497496	50.7269756625649	1	1	1	1
ENSG00000152661	108.552992273203	1	1	1	1	99.3113289346153
ENSG00000189280	64.3354204565732	1	1	71.172528065697	1	95.8491833376873
ENSG00000139278	73.5479374033588	1	1	1	1	98.0182089995059
ENSG00000107249	1	57.338827369747	1	1	66.9425621562712	1
ENSG00000023572	34.9560677445569	1	88.1581257921545	57.2732917987384	1	52.9479993778147
ENSG00000115419	54.8534429836719	1	49.2925366927982	1	1	83.8133641575676
ENSG00000197045	52.6715949644554	1	1	1	1	47.5709768942469
ENSG00000112312	33.6976649795324	72.6534965777395	1	1	1	1
ENSG00000144591	1	25.9552676675148	1	1	1	1
ENSG00000141404	33.0206824325363	1	1	53.1258640268562	1	1
ENSG00000159921	1	96.7466244609724	148.881974424256	205.702551340223	1	51.1833185226308
ENSG00000134697	37.0731187886609	32.0600600200287	66.4502403963467	50.7540557329065	1	1
ENSG00000111670	1	39.6323358476673	1	1	1	1
ENSG00000136935	1	1	1	39.2019577437364	1	1
ENSG00000173905	51.9356878923415	1	1	1	1	1
ENSG00000166734	1	56.3312899649836	95.1767306913889	55.5330432424063	1	59.2524325564917
ENSG00000275619	1	1	1	1	244.30178610904	1
ENSG00000170270	1	1	1	1	244.30178610904	1
ENSG00000114745	1	1	1	1	54.2065524356266	51.3027066557788
ENSG00000108433	1	30.2774225040471	1	1	1	1
ENSG00000152642	1	45.8983144784773	79.7259201218627	59.5125378564513	1	1
ENSG00000198522	41.6107717830891	1	56.7095627843629	1	1	1
ENSG00000136235	395.314421297308	1	1	123.662100120469	1	172.391228486625
ENSG00000173264	1	1	1	50.2362351925834	38.0613285686989	1
ENSG00000158292	48.3315105565127	1	1	42.7720615392079	1	1
ENSG00000180758	1	1	1	42.4796071462553	1	1
ENSG00000173890	1	32.5700140170588	1	1	1	1
ENSG00000250510	1	1	1	1	184.845011079692	1
ENSG00000167191	1	31.4097834063117	1	1	1	1
ENSG00000121957	38.502925081071	1	1	1	1	1
ENSG00000166123	1	1	1	50.7170001058536	1	64.8505866341222
ENSG00000134317	1	1	1	89.0898352851829	1	1
ENSG00000158055	1	1	1	109.423582127913	1	53.2897327619245
ENSG00000105928	43.8671331176567	1	1	1	1	1
ENSG00000100744	1	1	1	61.6332490870055	31.9466742531193	1
ENSG00000244067	1	1	1	1	591.050609714888	1
ENSG00000165417	1	1	1	46.7518691485422	1	1
ENSG00000006704	1	1	1	1	1	68.6824609840344
ENSG00000172432	1	1	1	47.3672294471133	1	85.3072595936121
ENSG00000163607	35.9322996538073	38.5431848061883	1	77.9152196406409	1	1
ENSG00000164116	1	59.8541059275132	1	40.9707235757014	1	1
ENSG00000151806	30.9371923661514	1	1	1	1	39.4656133749278
ENSG00000104812	40.366365698735	1	1	1	1	54.0030285755343
ENSG00000246705	1	104.090893648952	178.755397955427	185.355330730699	1	152.721875900504
ENSG00000184678	1	67.2432466195454	158.816155947091	111.605411244167	1	104.973487702231
ENSG00000180596	1	42.9529657073759	179.968902908286	94.898469466263	1	111.039361548643
ENSG00000158373	1	46.8539383987691	181.2760494213	116.980310139788	1	87.2983519844261
ENSG00000270276	1	1	87.4853528990201	1	1	1
ENSG00000165996	43.9132696549883	1	1	1	1	1
ENSG00000188921	1	1	1	1	149.286262174304	1
ENSG00000103253	1	1	1	1	131.001162950621	1
ENSG00000103044	76.0703569844059	1	1	1	1	1
ENSG00000048052	1	39.3120419623557	153.514551824173	1	1	99.1709594893986
ENSG00000130589	1	1	110.755118409649	73.2860067740365	1	139.906429038896
ENSG00000103657	1	38.0708696653474	1	1	1	1
ENSG00000148634	49.6095820338051	1	63.1480380305211	40.6495909433047	1	1
ENSG00000138642	1	56.1837887173839	172.797664826134	63.8532476170476	1	90.0776031925844
ENSG00000069812	1	1	51.5293179217812	1	1	62.0473217993267
ENSG00000188290	1	1	78.7565104336337	1	1	1
ENSG00000164683	1	45.5963369590791	1	1	1	1
ENSG00000167861	1	28.2290305427692	1	1	1	1
ENSG00000135245	32.1295072540809	1	1	87.5181354845937	86.4456499154689	1
ENSG00000149948	82.8758418859699	1	1	1	1	1
ENSG00000292175	43.1337447837831	1	1	1	1	89.196981951407
ENSG00000182952	43.1337447837831	1	1	1	1	89.196981951407
ENSG00000100281	1	38.2165528538694	1	1	1	1
ENSG00000100292	1	56.7126626165964	83.8219539785033	145.499508639339	1	1
ENSG00000150540	1	57.1418643500069	1	1	1	1
ENSG00000051128	49.9096339371405	1	1	1	1	1
ENSG00000171476	1	1	1	648.474776005483	1	228.073503481375
ENSG00000115756	1	1	59.9598699486846	1	1	1
ENSG00000164120	1	71.4658042208377	1	70.2049213645033	1	1
ENSG00000153936	1	34.7016086805475	1	1	1	1
ENSG00000136720	50.2698520652939	1	1	1	1	1
ENSG00000176387	1	1	1	74.1766848994777	1	1
ENSG00000198189	1	60.8829640354125	1	1	1	1
ENSG00000086696	1	62.4953623292831	1	1	1	1
ENSG00000187522	1	36.7409469463669	1	1	1	1
ENSG00000237724	1	1	1	1	205.392479202833	1
ENSG00000234475	1	1	1	1	205.392479202833	1
ENSG00000235941	1	1	1	1	205.392479202833	1
ENSG00000215328	1	1	1	1	205.392479202833	1
ENSG00000204389	1	1	1	1	205.392479202833	1
ENSG00000152137	1	1	1	57.1769078606665	1	47.8611491937692
ENSG00000142798	61.1167615706113	1	1	1	1	1
ENSG00000157423	1	1	1	1	206.010894333888	1
ENSG00000003147	1	42.2918861165519	82.5032526452487	1	1	1
ENSG00000090339	1	56.5686738687582	83.5170758556524	1	46.0954503172337	1
ENSG00000105371	40.7201238427419	1	1	1	1	1
ENSG00000172201	1	1	1	56.4283234528265	1	1
ENSG00000119912	1	32.3220535873766	1	62.5345966615854	1	1
ENSG00000131203	1	1	93.8156787177711	1	1	1
ENSG00000237155	86.1785300083078	43.5316543929292	1	1	1	1
ENSG00000230128	86.1785300083078	43.5316543929292	1	1	1	1
ENSG00000227231	86.1785300083078	43.5316543929292	1	1	1	1
ENSG00000235030	86.1785300083078	43.5316543929292	1	1	1	1
ENSG00000206478	86.1785300083078	43.5316543929292	1	1	1	1
ENSG00000137331	86.1785300083078	43.5316543929292	1	1	1	1
ENSG00000275214	1	1	1	1	199.978407907102	1
ENSG00000165949	1	1	1	1	199.978407907102	1
ENSG00000068079	1	1	90.7040449286765	1	1	1
ENSG00000185745	297.614510854358	209.809201363655	1306.99070284946	326.43346787772	1	867.994131174418
ENSG00000119922	1	151.929135652116	457.593739383437	153.231078850757	1	565.212928085785
ENSG00000119917	360.206472755201	335.564232114525	1237.29172987714	236.090017162071	1	1031.14135746764
ENSG00000152778	1	37.4260628195777	105.674417261592	63.3390062933953	1	84.224823783496
ENSG00000185885	364.840382481138	614.020844455605	1641.41356065042	588.250261602762	1	1074.18663242103
ENSG00000138002	1	1	1	1	187.929526783265	1
ENSG00000128581	39.8799399335524	1	1	1	429.385421366383	1
ENSG00000100360	1	1	1	1	341.514845588565	1
ENSG00000119650	1	1	1	1	274.56223668425	1
ENSG00000032742	1	1	1	1	110.338418040958	1
ENSG00000141753	61.9823952827173	54.5670141134419	93.714100331652	44.007684598864	1	1
ENSG00000115461	1	249.157181688808	1	1	222.099504364081	1
ENSG00000167779	343.34775208475	1	1	1	1	1
ENSG00000143061	59.7145175727052	1	1	1	1	64.0035724694131
ENSG00000166130	51.815326412411	1	1	1	1	1
ENSG00000263528	1	36.0270074578263	52.3226437311353	39.9033884298633	1	1
ENSG00000269335	40.8177555103464	1	1	1	1	54.6993031364649
ENSG00000243646	1	37.2220922020812	1	1	1	1
ENSG00000115594	1	178.755804123165	160.904221291382	1	1	1
ENSG00000196083	58.0646029157553	1	1	1	1	1
ENSG00000008517	93.9715465456275	1	228.137614983886	1	1	265.613480740571
ENSG00000137033	96.8896712460226	89.8010914487467	1	1	1	1
ENSG00000136688	1	1	1	95.4663603371185	1	134.181122684488
ENSG00000160712	46.3571589827442	1	1	1	1	1
ENSG00000145103	1	34.3144444641645	1	1	1	1
ENSG00000141401	125.510799671758	32.558297418526	1	1	1	80.3244239713458
ENSG00000106348	63.3990469640211	1	1	1	1	1
ENSG00000071243	1	26.5304713889396	1	1	1	1
ENSG00000165458	1	38.3336252384797	1	1	1	66.9101828265499
ENSG00000102786	58.9012829085712	1	1	60.2928947832806	1	1
ENSG00000166578	1	1	1	1	145.167964980627	1
ENSG00000106012	1	1	1	1	128.736669360693	1
ENSG00000114473	1	1	1	1	255.186604215851	1
ENSG00000174628	1	1	1	1	141.641477362695	1
ENSG00000145703	1	77.4986747463123	1	1	1	1
ENSG00000090376	1	65.9658500733445	111.318901008189	1	1	1
ENSG00000169047	64.4630862494697	1	1	1	1	1
ENSG00000172183	1	44.9510199267724	97.2582075307235	1	74.979789486064	1
ENSG00000240682	31.0174003827649	25.5602754413094	1	1	1	56.6779569373748
ENSG00000091409	484.584336264423	1	1	1	1	271.039215802986
ENSG00000082781	40.3890186397659	1	1	1	1	1
ENSG00000135916	1	54.1186652467645	1	1	1	1
ENSG00000205726	1	34.7868061431086	1	1	1	1
ENSG00000198399	1	26.3428812787029	47.6844785922259	70.6051875692459	1	1
ENSG00000128928	1	31.985242573636	1	1	1	1
ENSG00000163207	1	1	1	242.594470421803	1	160.960538999401
ENSG00000184916	147.143435214707	1	1	1	1	1
ENSG00000152409	1	30.3021568538455	1	1	1	1
ENSG00000107104	34.8915588956864	1	1	44.1664487146085	1	1
ENSG00000197256	1	34.8279448030033	1	1	1	1
ENSG00000136504	1	1	1	51.3366783022365	1	1
ENSG00000167977	1	1	1	42.279493681126	1	1
ENSG00000104756	42.5605278476048	1	1	39.8161203825106	1	102.061868378322
ENSG00000147050	1	26.4720607774793	1	1	1	1
ENSG00000006459	1	45.6680142675033	1	49.3908762224252	1	1
ENSG00000100441	1	1	73.3515967260612	1	1	42.8746904289431
ENSG00000135709	1	50.7616413758403	1	1	35.4735406328335	1
ENSG00000197892	1	88.0350155772103	95.8124833223138	93.6366043647557	75.1177046213328	1
ENSG00000196169	1	1	1	1	117.860818954934	1
ENSG00000054523	33.8082436678418	1	1	55.0813600134746	1	1
ENSG00000131437	1	1	1	1	122.811269144464	1
ENSG00000088727	1	1	1	1	618.85143070256	1
ENSG00000088970	40.7851925986676	1	1	1	1	1
ENSG00000127528	1	82.0834249550396	87.9548231232942	1	72.7788894655375	1
ENSG00000118263	71.7347490751889	1	1	1	1	1
ENSG00000102349	1	1	1	58.7634038244521	1	1
ENSG00000119138	1	36.4999192732465	1	1	1	1
ENSG00000162755	1	1	1	1	152.208615336946	1
ENSG00000109466	1	1	1	28.3511775197561	1	1
ENSG00000129451	115.83748455811	416.854188838228	836.148142448746	503.436336755416	1	458.551901371935
ENSG00000167548	1	49.5665313716113	1	1	1	85.0008176128953
ENSG00000103550	51.1921252603792	36.803955585185	74.064594025412	39.2593634661491	1	1
ENSG00000129347	43.8507097283701	1	1	1	1	1
ENSG00000186395	136.428214991849	173.253416853193	133.48899269608	10687.1773798153	149.964283762386	3511.7489431337
ENSG00000171401	1	1	1	2914.45658496534	1	1035.6289856482
ENSG00000186847	553.096116640432	1	1	132.489969916739	1	487.971457689835
ENSG00000186832	146.885154786524	1	166.616893942799	2923.32235235743	1	2358.72261238029
ENSG00000167916	1	1	1	255.524771419585	1	1
ENSG00000170477	53.6738825802558	69.2368996284133	275.030236518254	2954.2045476984	126.336352862216	233.701460920875
ENSG00000186081	5607.66685952253	364.099500831145	1456.3889368639	3899.79972285612	1	6648.21921814781
ENSG00000205420	7947.21123609054	1210.50131620761	5497.85047334151	31202.0949863677	1	21831.0295945294
ENSG00000185479	546.356637681126	182.32298974221	669.40768725662	3229.81019719671	1	4268.31369845066
ENSG00000170465	1	1	1	276.785461820366	1	755.122857243835
ENSG00000170423	1	1	1	96.1675554871777	1	1
ENSG00000053747	328.332720222783	1	1	1	1	153.977395223033
ENSG00000091136	71.3323100908994	1	1	1	1	1
ENSG00000172037	1	41.3283639254535	1	1	1	1
ENSG00000135862	46.408847415418	1	1	1	1	1
ENSG00000115365	49.3160141221648	1	1	1	1	1
ENSG00000138709	40.3214363848914	1	1	1	1	1
ENSG00000150457	1	1	1	1	1	47.0346667450228
ENSG00000288299	173.45337809478	55.7189921676991	1	1	1	1
ENSG00000134333	173.45337809478	55.7189921676991	1	1	1	1
ENSG00000203985	1	1	1	1	399.950326315196	1
ENSG00000182195	1	35.9969172560207	1	1	1	1
ENSG00000106003	62.3528558157868	1	1	1	1	1
ENSG00000100097	518.858356954144	1	1	1	1	256.072453002218
ENSG00000283082	42.1260153396417	1	1	1	1	68.707824218955
ENSG00000205076	42.1260153396417	1	1	1	1	68.707824218955
ENSG00000282902	84.0835996950268	1	1	1	1	1
ENSG00000178934	84.0835996950268	1	1	1	1	1
ENSG00000168961	1	190.639464726767	450.864755346493	165.020373017588	1	194.863602775063
ENSG00000119862	1	40.6557890671425	93.0466648661367	83.4940526530076	1	191.36331241696
ENSG00000100600	1	1	1	106.96112574674	1	1
ENSG00000183722	36.9433828705865	1	1	1	1	1
ENSG00000128342	1	224.250478450983	167.283067038618	80.3973056554392	1	79.0703346523567
ENSG00000174405	1	1	1	61.9606099635268	1	1
ENSG00000064042	1	49.3747712459015	1	1	76.1448522985446	1
ENSG00000237854	1	48.8700631605732	1	42.2407284312907	1	1
ENSG00000251381	52.6159049024076	1	1	1	1	1
ENSG00000233901	61.6292748183172	64.8926402166014	64.0051702410298	1	1	1
ENSG00000180861	1	1	1	110.910852383852	1	1
ENSG00000233730	1	1	1	1	126.241458531267	1
ENSG00000260259	1	1	1	1	127.959631670069	1
ENSG00000164715	1	50.000115747138	1	1	1	1
ENSG00000142235	1	1	75.4132475799931	68.1752980431548	1	1
ENSG00000144320	46.3850796259022	1	1	39.5962724895327	1	78.5695963610477
ENSG00000138131	115.974742201965	1	1	1	1	1
ENSG00000139679	36.1336300198011	1	1	48.5034135385133	1	1
ENSG00000087253	76.5456726620476	1	1	1	1	1
ENSG00000134324	1	30.9758706104506	84.0664473653471	1	1	1
ENSG00000162981	1	1	89.3886202383025	241.374222326752	1	167.301674999175
ENSG00000186001	1	38.5193773248199	1	1	1	1
ENSG00000121931	1	1	1	46.9769531952247	1	1
ENSG00000123384	40.9177624786716	1	1	1	1	1
ENSG00000162337	32.4942296548295	56.4456861045119	52.970747476847	1	1	1
ENSG00000137269	1	1	1	86.3715613536977	1	44.394811011995
ENSG00000204950	1	1	1	1	280.618900303252	1
ENSG00000010626	1	1	1	1	529.492856340089	1
ENSG00000171757	1	1	1	1	100.735410120132	1
ENSG00000128594	1	58.8036643385144	102.116360272611	111.508132263538	73.493197825615	1
ENSG00000141294	1	1	1	1	380.134551143254	1
ENSG00000137821	1	1	1	1	118.346012646847	1
ENSG00000197147	1	58.5692871252557	1	1	46.788088478737	1
ENSG00000133640	1	1	1	1	504.994853989367	1
ENSG00000175928	1	55.3601477593766	1	1	1	1
ENSG00000284922	1	1	1	1	186.11718935913	1
ENSG00000161036	1	1	1	1	109.831154517328	1
ENSG00000181817	33.9210458445348	1	1	1	1	1
ENSG00000168056	38.4458337673461	47.0516140597975	1	1	1	1
ENSG00000090006	34.3157552487338	1	1	1	1	1
ENSG00000012223	1	319.901692887363	1	1	1	1
ENSG00000278032	297.679114333856	227.915071344029	1	1	126.09929222688	1
ENSG00000160932	297.679114333856	227.915071344029	1	1	126.09929222688	1
ENSG00000145220	35.6466656260741	1	1	1	1	60.1867506222328
ENSG00000197353	1	561.46421346951	170.579017219759	391.843699049611	29.3725741240132	1
ENSG00000124466	46.9442769479385	1	1	1118.55630942523	1	568.027684401901
ENSG00000090382	1	96.1276947313505	1	1	1	1
ENSG00000163818	1	1	1	1	163.583122518416	1
ENSG00000088899	1	75.1029027322015	91.0242590278696	1	1	1
ENSG00000183742	1	149.420616681878	353.50429639598	90.9623473607376	95.9929929287853	288.769111170236
ENSG00000099284	1	1	1	1	1	55.4841025475525
ENSG00000178573	103.547570847355	1	1	1	1	124.417071307923
ENSG00000179632	1	25.1544210203461	1	1	1	1
ENSG00000081026	1	49.8142205450648	1	89.2112868260071	1	1
ENSG00000117643	1	27.1273359857227	1	1	1	1
ENSG00000013288	1	48.410027992397	1	1	1	78.448954190906
ENSG00000166963	1	1	1	1	176.932305369298	1
ENSG00000131711	1	1	1	1	110.495613874268	1
ENSG00000078018	1	1	1	1	1	84.2029583494329
ENSG00000176601	1	1	1	1	157.878350468547	1
ENSG00000091436	43.0174305879418	1	1	1	31.0466231709757	52.5951449959681
ENSG00000135341	32.5196229366639	1	1	1	1	1
ENSG00000006432	1	1	1	52.4756455954106	1	1
ENSG00000171533	1	1	1	1	113.24197478203	1
ENSG00000109339	1	1	1	1	173.365076996416	1
ENSG00000274205	1	1	1	1	158.078520499922	1
ENSG00000181085	1	1	1	1	158.078520499922	1
ENSG00000050748	1	36.5982496206419	1	1	1	1
ENSG00000114738	36.4206252328952	1	1	1	1	77.0756319906097
ENSG00000084764	1	1	1	1	107.989168244019	1
ENSG00000155254	83.2318987114626	1	1	1	1	1
ENSG00000129933	1	26.0563528889332	1	1	1	1
ENSG00000141644	35.3000277477781	1	1	1	1	55.7195407112628
ENSG00000076706	47.4438106987453	1	1	1	1	1
ENSG00000171444	91.7960785238509	1	1	42.9074837213627	1	1
ENSG00000112118	1	29.0345518243559	1	1	1	1
ENSG00000160294	1	22.4994998659241	1	1	1	1
ENSG00000175471	1	38.1698365993715	1	1	1	1
ENSG00000065833	1	25.3152790098275	1	1	1	1
ENSG00000140950	36.961046327483	1	1	1	1	1
ENSG00000104973	1	1	1	1	184.844201120552	1
ENSG00000162959	59.5431783334906	1	1	43.3546090607473	1	89.5806602971387
ENSG00000133895	1	1	1	41.1442897679626	1	1
ENSG00000103260	1	1	1	1	103.046533673298	1
ENSG00000123600	42.9014582300419	1	1	1	1	1
ENSG00000181588	1	1	1	1	1	57.1508521075523
ENSG00000140545	69.0469144706986	37.0135503231529	1	1	1	79.6390013362265
ENSG00000171109	1	1	1	38.120779107023	1	54.5624540005379
ENSG00000092931	1	1	1	51.1819509875069	1	1
ENSG00000154305	1	65.0899323026642	1	1	1	1
ENSG00000133816	41.8805732734402	1	1	1	1	87.6017821447829
ENSG00000100139	89.5633022280986	1	1	68.0743994559124	1	136.656358718636
ENSG00000080561	1	1	1	73.5779708509961	1	1
ENSG00000156030	1	1	1	39.5871490088989	1	1
ENSG00000230937	145.224584895392	1	1	1	1	109.297024962448
ENSG00000187098	1	69.46401812632	88.1960610764899	1	1	73.3213152071891
ENSG00000125863	62.575919716199	36.1175454291673	1	1	1	82.5245792618004
ENSG00000079277	31.0691246049564	1	1	41.0171488158688	1	1
ENSG00000178053	1	1	1	1	370.469157007114	1
ENSG00000078403	37.5865984819567	1	1	1	1	1
ENSG00000171843	1	40.7044877140626	97.6231474071067	56.1144840876911	1	55.8128819497192
ENSG00000115648	1	79.747250141099	110.641933054029	59.4347140685172	62.7076916457155	1
ENSG00000167965	32.4434687169126	1	1	1	1	1
ENSG00000166670	187.926282825838	1	1	1	1	1
ENSG00000137745	90.7839846112133	1	1	1	1	1
ENSG00000102996	1	25.566390361252	1	1	1	1
ENSG00000087245	85.1148785729521	1	1	1	1	1
ENSG00000137673	1	74.6079304765258	154.427583921453	1	1	100.239376747269
ENSG00000146085	1	1	1	44.8782758324857	1	1
ENSG00000138587	1	1	1	1	235.469701375623	1
ENSG00000291442	1	36.9549993168299	1	39.8160656655457	1	1
ENSG00000182208	1	36.9549993168299	1	39.8160656655457	1	1
ENSG00000080823	1	1	1	1	119.519140777947	1
ENSG00000188010	1	1	1	1	1064.40789993199	1
ENSG00000139714	1	1	1	1	149.188407056773	1
ENSG00000185681	1	1	1	1	631.266848014192	1
ENSG00000155363	34.2478538020726	1	1	1	1	1
ENSG00000129255	31.983295025018	45.6362008475096	60.5184086453864	52.1716586512715	1	1
ENSG00000154889	1	33.2258446261375	1	1	1	1
ENSG00000160588	1	1	1	77.1540244879148	73.8106818893528	1
ENSG00000118242	1	1	1	44.8076360245762	1	1
ENSG00000158042	50.2442890900616	28.7346510819314	80.4329785665001	1	52.6136159707437	1
ENSG00000132313	35.9647566570256	37.3916286577336	72.1458357502289	44.2896220380919	1	1
ENSG00000135900	1	36.9246049987045	1	1	1	1
ENSG00000204822	1	35.4948296325758	1	1	1	47.3063692936897
ENSG00000175110	32.6752285084793	1	1	33.8554210973473	1	1
ENSG00000112996	41.9407096356537	1	1	1	1	1
ENSG00000148187	37.8648393641119	1	1	40.8952077503715	1	1
ENSG00000053372	56.7397746569356	1	1	1	1	71.2599854640609
ENSG00000166959	1	1	1	1	481.581723702916	1
ENSG00000066697	44.1238832635366	1	1	1	1	1
ENSG00000147065	156.37821832186	1	1	1	1	130.338129170644
ENSG00000182979	1	32.3687606872838	1	1	1	1
ENSG00000057935	1	36.4753814898396	1	1	1	1
ENSG00000099810	51.3850483996365	44.7890773426823	1	1	1	1
ENSG00000143033	39.8942213322915	1	1	1	1	1
ENSG00000117640	1	23.18108771358	1	1	1	1
ENSG00000120254	41.1732406430075	1	1	1	1	1
ENSG00000065911	47.3218182005764	36.4613447478431	1	1	1	135.967953734609
ENSG00000177000	1	29.0258954514138	1	1	1	1
ENSG00000175701	1	1	51.0823763090971	1	1	55.5667801668329
ENSG00000132613	1	47.8260521039417	105.100831268074	117.929495646287	1	76.1472921424075
ENSG00000117983	1	784.455444087703	159.513301423493	1	1	1
ENSG00000183486	1	1	377.958716169392	126.415471082079	1	280.093675832716
ENSG00000214114	1	1	1	1	129.844230586953	1
ENSG00000172927	1	1	72.5789885604711	1	1	1
ENSG00000101335	119.104246499173	1	1	1	1	75.6742490889093
ENSG00000197535	35.7623857580224	1	1	1	1	1
ENSG00000066933	1	29.7185368469159	1	1	1	1
ENSG00000164976	1	36.5448035083312	1	65.2072000275332	1	1
ENSG00000111300	36.8650667566014	1	1	1	32.6566661418914	84.3673709924935
ENSG00000135040	1	1	1	35.8830334043016	38.5196113326183	1
ENSG00000138744	1	1	1	63.3243302439989	42.4126518844454	1
ENSG00000138386	30.9733090577158	1	1	83.8953346207219	33.8329173618327	1
ENSG00000166886	65.2522384319936	1	1	1	1	66.9208732284285
ENSG00000173559	1	1	65.3513579557692	71.2022743768037	1	1
ENSG00000139579	31.259374169707	45.380886104838	1	1	1	1
ENSG00000198951	1	29.3673354599367	1	1	1	1
ENSG00000134265	1	35.9895026900047	1	1	1	64.1410613549702
ENSG00000213995	1	29.4287903326679	1	48.4869743032026	1	1
ENSG00000188505	1	67.2668274772959	120.453715533209	594.303640638537	1	143.337575358421
ENSG00000020129	1	39.5886195584299	1	67.6591660274658	1	1
ENSG00000137806	1	34.1540934954781	1	48.7463463319518	1	1
ENSG00000089818	1	35.6961968325294	73.1342865158706	1	1	64.2954197835504
ENSG00000110400	135.601483166244	1	1	166.153254643986	1	120.208580219121
ENSG00000111859	37.7156371330476	1	1	1	1	107.002894170421
ENSG00000163491	1	1	1	1	154.740403581315	1
ENSG00000114670	1	1	1	1	117.872828356941	1
ENSG00000197168	1	1	1	1	246.855979766894	1
ENSG00000119408	1	32.2303283064961	1	1	1	1
ENSG00000185049	1	1	1	47.3995762298751	1	1
ENSG00000231044	1	1	1	1	106.959314189465	1
ENSG00000206268	1	1	1	1	106.959314189465	1
ENSG00000229363	1	1	1	1	106.959314189465	1
ENSG00000206357	1	1	1	1	106.959314189465	1
ENSG00000233801	1	1	1	1	106.959314189465	1
ENSG00000204356	1	1	1	1	106.959314189465	1
ENSG00000171208	46.8491612999455	1	1	1	1	1
ENSG00000165030	1	39.6616876589423	1	1	1	83.1777632938681
ENSG00000064300	88.9949513832762	1	1	1	1	1
ENSG00000196865	1	37.2221355824408	1	1	1	1
ENSG00000135842	77.1699856250022	52.8146111778202	1	1	1	72.9140256409997
ENSG00000132603	37.2209242377625	1	1	1	1	1
ENSG00000163293	1	1	1	67.8853401446815	1	49.4493620857252
ENSG00000123213	41.1574134151717	1	1	1	1	1
ENSG00000112981	1	1	1	1	299.970260434145	1
ENSG00000143156	1	1	1	1	113.4788512785	1
ENSG00000141101	72.0443643205028	1	1	1	1	1
ENSG00000173145	32.289404429936	1	1	1	1	55.6484453061772
ENSG00000140939	43.0549556666717	1	1	1	1	1
ENSG00000197183	1	39.5659355282466	1	1	1	1
ENSG00000198000	36.8938535175267	1	1	1	1	1
ENSG00000291347	36.8938535175267	1	1	1	1	1
ENSG00000048162	56.7335450099253	1	1	1	1	1
ENSG00000111641	1	1	1	1	1	67.4531229009626
ENSG00000134250	1	40.4325772955418	1	1	1	1
ENSG00000141458	1	43.8494325054555	1	1	1	1
ENSG00000144061	1	1	1	1	173.588854805197	1
ENSG00000107833	78.61893870705	1	1	1	1	1
ENSG00000168743	39.2227006243391	1	1	1	1	1
ENSG00000126368	1	1	70.9197422359969	1	1	89.8656691944131
ENSG00000198435	1	58.3673656032281	1	117.098985416008	1	92.8200655954493
ENSG00000157168	46.5767147228686	1	1	1	1	1
ENSG00000292192	1	1	56.3003740634027	1	1	43.9311113781223
ENSG00000147383	1	1	56.3003740634027	1	1	43.9311113781223
ENSG00000168824	49.9396839627701	1	1	1	1	69.432479727491
ENSG00000107672	1	32.495138656804	1	1	1	1
ENSG00000065320	30.7243343846561	56.3440149163864	1	1	1	1
ENSG00000136159	44.0374608301164	1	1	53.2843533955448	1	1
ENSG00000170502	1	32.4224752341904	1	42.1201275487803	1	1
ENSG00000124789	1	1	1	39.731781353516	38.591918878327	1
ENSG00000095319	33.9949418045026	1	1	1	1	1
ENSG00000108559	1	1	1	1	1	46.7244833055162
ENSG00000110713	36.0233437034739	1	1	1	1	1
ENSG00000188039	1	1	1	1	209.301924290443	1
ENSG00000205978	1	42.8362821367212	77.5509125119342	68.7381004750235	1	1
ENSG00000184232	41.4091998094168	1	1	1	1	61.9489975514802
ENSG00000089127	116.616732011056	140.075719756787	509.837587353507	447.419099466817	1	250.651191844973
ENSG00000135114	1	1	229.873625192983	1	1	111.760459585389
ENSG00000124006	1	38.4685781144914	1	1	1	1
ENSG00000177989	1	1	1	1	523.992802314117	1
ENSG00000185585	68.9821269434993	1	1	1	1	1
ENSG00000291720	1	1	1	1	1573.60407525424	1
ENSG00000126861	1	1	1	1	1573.60407525424	1
ENSG00000054277	38.3888118378855	1	1	1	1	1
ENSG00000160991	1	1	1	1	124.320180264979	1
ENSG00000144909	1	1	1	44.6404521055171	1	1
ENSG00000079156	1	1	1	1	118.496574584483	1
ENSG00000116885	1	1	1	1	187.51293725767	1
ENSG00000145623	59.5032907819959	55.230038857128	114.205215605754	1	1	147.859022436498
ENSG00000172818	1	1	1	102.798662664698	1	89.5711395751724
ENSG00000178467	1	1	1	1	200.392919643504	1
ENSG00000187866	1	1	1	88.4694553124332	1	1
ENSG00000112530	1	1	1	1	128.092172959495	1
ENSG00000158006	1	41.0604871008067	1	1	1	1
ENSG00000128050	86.2175555149168	1	1	1	1	88.2211481768746
ENSG00000072415	1	40.4897087940141	82.3225140001298	29.1931273203738	1	49.7556416770453
ENSG00000182749	43.9520094806367	1	1	1	1	1
ENSG00000178184	50.6512859608127	1	1	1	1	1
ENSG00000169116	1	39.5787749145635	1	1	1	1
ENSG00000100105	1	24.6874215071796	1	1	1	1
ENSG00000163346	1	36.9521863039113	1	1	1	1
ENSG00000115289	1	1	42.9121300459016	1	1	1
ENSG00000100982	1	40.5209434193337	1	1	1	1
ENSG00000126773	1	1	1	1	120.50324001437	1
ENSG00000148843	48.1140904150337	1	1	1	1	1
ENSG00000197461	55.0006011592523	1	1	1	1	1
ENSG00000110435	1	35.0496374552276	77.3556380026039	1	1	1
ENSG00000120913	1	1	1	67.3814056359146	1	1
ENSG00000196923	113.125258139232	1	75.4445733946083	1	1	153.170395715005
ENSG00000164951	39.2024659182873	100.759542040534	130.931327044706	1	1	58.2076641476441
ENSG00000162493	163.252464082719	1	1	1	1	1
ENSG00000242265	1	51.5568528484893	1	1	1	1
ENSG00000124299	40.565719878298	40.2705153147462	51.3168645984588	1	1	1
ENSG00000142655	1	46.6986886661465	55.6632701756909	1	54.7515836929818	1
ENSG00000170525	42.838822195645	1	1	1	1	1
ENSG00000148985	1	1	1	42.9088684706966	1	1
ENSG00000165152	1	1	1	92.3514388647217	1	1
ENSG00000129925	1	47.448209987241	89.8818511671883	53.3325983311688	1	1
ENSG00000164219	1	32.8786676597549	1	49.8130800733734	1	1
ENSG00000079739	70.1670134068119	35.9126215939143	1	1	1	1
ENSG00000165434	1	73.9635885054392	100.455407186361	1	209.780744352174	1
ENSG00000013375	1	29.8037596017587	1	1	1	1
ENSG00000130517	1	47.4862437007518	1	1	37.8236008722692	1
ENSG00000087495	1	1	1	100.875591873719	1	1
ENSG00000125149	1	1	1	53.510097757565	1	1
ENSG00000109118	1	29.652292951647	1	1	1	1
ENSG00000040633	42.7435927196641	30.5728252840377	82.0015117120688	1	1	1
ENSG00000100410	35.2681783523602	1	1	1	1	1
ENSG00000092621	54.2392169813477	1	1	1	35.0337356380662	92.2569280065376
ENSG00000156873	1	24.715017087972	1	1	1	1
ENSG00000144824	62.1688636003656	1	1	1	1	95.77957237529
ENSG00000116793	1	1	1	1	105.337432194036	1
ENSG00000175287	41.850471435382	1	1	1	1	1
ENSG00000124102	77.8245423284113	4046.89777861864	10054.3269018231	5042.36952153304	1	4007.88844241243
ENSG00000155252	65.6492715383815	1	1	48.732169910311	1	1
ENSG00000078043	35.4660180527339	1	1	1	1	1
ENSG00000173947	1	1	1	1	1269.40008458256	1
ENSG00000174227	30.9948269222787	46.87915402817	1	1	1	1
ENSG00000150773	1	1	1	1	124.736353709916	1
ENSG00000051382	1	38.8307249788146	1	1	1	1
ENSG00000100100	1	34.6027662052459	1	58.1647980941372	1	1
ENSG00000145675	66.7492440903321	53.6202616134194	1	1	1	1
ENSG00000137193	95.9088891836571	1	62.0727837865571	239.821857198629	1	237.416304009059
ENSG00000159763	1	75.0298920329277	80.8270211208544	1	112.650221844392	1
ENSG00000291802	1	47.1004448221448	1	80.2090893143026	1	1
ENSG00000165782	1	47.1004448221448	1	80.2090893143026	1	1
ENSG00000143398	36.6156729340763	1	1	1	1	1
ENSG00000057757	1	1	1	1	1	37.50296725682
ENSG00000107959	1	40.7397304510587	62.3388580283273	1	1	50.0799044659043
ENSG00000168734	1	1	1	1	210.625473669911	1
ENSG00000081277	143.61964530939	1	1	286.950512653057	1	421.162218453616
ENSG00000137055	1	34.7528950338538	1	1	1	47.3625818790091
ENSG00000133321	1	282.620664620751	421.558103468805	211.295014229883	1	90.6349523574241
ENSG00000122861	196.821293290997	215.325902821522	535.847172649262	102.61987350915	1	461.12879025575
ENSG00000121316	1	1	1	49.0506970641066	1	1
ENSG00000161714	61.18115351469	1	1	1	1	1
ENSG00000100558	41.6704489720394	1	1	1	1	1
ENSG00000143850	1	1	1	49.1141627417871	1	1
ENSG00000166689	1	28.4232772760943	1	69.1631230126228	34.4637578164629	1
ENSG00000021300	1	1	1	1	120.32785232836	1
ENSG00000175895	1	27.1811003259971	1	67.3819106154306	36.8641023770401	1
ENSG00000126822	80.0716203616603	1	1	1	1	51.9722358406281
ENSG00000148735	1	474.757341526235	204.173973831292	56.1132783295022	242.724576232541	1
ENSG00000107020	47.6212370893005	34.7057112853316	73.9079356185933	1	1	51.9487511255074
ENSG00000083444	47.7125655657936	1	1	1	1	1
ENSG00000106397	36.8450640905514	1	1	1	1	1
ENSG00000162407	1	50.7987749631929	1	1	1	1
ENSG00000105520	1	29.9316902952176	1	35.0661407798346	1	1
ENSG00000120756	1	105.231784949333	112.595622185989	69.1978165324933	33.7179742865481	1
ENSG00000100979	123.910909551213	1	1	1	96.395419563386	1
ENSG00000120594	39.7036150751284	1	1	1	1	1
ENSG00000076356	40.6621176718818	1	1	1	1	1
ENSG00000124225	198.370745558471	56.1145410920728	114.772383943406	1	1	299.28843530195
ENSG00000203837	1	1	1	1	1	57.1294041349507
ENSG00000139323	1	40.6304210115864	1	1	37.3051880075909	1
ENSG00000128567	1	31.4634092187152	1	1	1	1
ENSG00000124429	1	1	83.8486116173068	127.515470406068	1	118.1823234892
ENSG00000102978	1	26.0484412596455	1	1	1	43.182267819438
ENSG00000085998	58.8219863637424	1	1	1	1	1
ENSG00000112033	1	1	63.7241757837201	1	1	83.5825022882883
ENSG00000110841	65.7443562858553	1	1	1	1	60.4254149458177
ENSG00000171960	38.7689631931126	1	1	1	1	1
ENSG00000137168	1	1	1	1	1	57.9149663516732
ENSG00000185250	1	1	1	1	270.695749701258	1
ENSG00000138032	1	29.5980963918244	52.30340847227	1	1	1
ENSG00000111110	1	46.0289473536778	1	1	34.8349476776639	1
ENSG00000163644	1	42.2737489872627	95.0675465160909	1	1	1
ENSG00000163590	1	33.8580875821184	1	1	1	1
ENSG00000077157	83.3275610000217	1	1	1	47.2160150080042	1
ENSG00000125503	1	34.1851433812332	1	1	1	1
ENSG00000104881	67.3306772458011	1	1	138.649342021279	1	107.692961905804
ENSG00000160972	1	1	1	1	126.975494606349	1
ENSG00000178125	1	1	1	1	147.56058374785	1
ENSG00000108819	40.5771454295125	1	1	1	1	1
ENSG00000137713	1	40.9155018164213	53.2499698966998	52.2618795059134	1	1
ENSG00000107758	31.8169490043989	31.5359135921108	1	1	1	75.9735159255306
ENSG00000131238	36.7078207130315	1	1	1	1	1
ENSG00000137509	43.1133378833882	1	1	1	1	1
ENSG00000138073	1	42.0631655305918	1	1	1	1
ENSG00000085377	43.8626573355648	1	1	48.244638066019	1	1
ENSG00000162409	1	65.4121531859121	1	1	1	1
ENSG00000027075	1	1	1	58.5978926251333	1	1
ENSG00000148426	39.0350725017677	1	1	1	1	1
ENSG00000165630	1	32.5851457226266	1	48.3344079836149	1	1
ENSG00000117360	1	1	1	1	1	58.9145199689887
ENSG00000176532	1	129.566084552287	107.289031383579	1	194.543404724155	1
ENSG00000167183	1	41.818338824099	76.5157143268804	1	50.7745174338213	1
ENSG00000224383	1	1	1	1	210.905337166262	1
ENSG00000135362	1	42.848836998191	1	1	1	1
ENSG00000282937	1	49.8249485075268	64.3058553390184	1	52.2349518019351	1
ENSG00000005001	1	49.8249485075268	64.3058553390184	1	52.2349518019351	1
ENSG00000010438	1	1	1	58.3869129326895	1	1
ENSG00000135069	73.6190904198277	1	1	1	1	250.328715309885
ENSG00000205220	1	1	52.9081213805815	1	43.6331383424318	1
ENSG00000183527	45.1507392038057	1	1	1	1	1
ENSG00000152229	1	27.8136730040705	66.0947527749	1	1	1
ENSG00000169403	51.1491986629017	1	73.7954114958336	1	1	54.2337955354596
ENSG00000148344	56.7859613750145	120.5004035374	107.821563226591	1	1	74.262451841604
ENSG00000148334	1	33.6706818957635	79.5169398877226	1	1	1
ENSG00000122420	1	51.2931873279516	1	1	1	1
ENSG00000087494	265.012691343113	45.3691938227092	1	1	1	173.655746991548
ENSG00000120899	84.1669664004937	32.3517823273114	1	1	1	1
ENSG00000112655	39.4114476945877	1	1	1	1	1
ENSG00000105894	1	43.8934914836907	1	1	1	1
ENSG00000152104	108.137978329938	1	1	1	1	54.5795148734302
ENSG00000169410	1	33.8125843642342	1	1	1	1
ENSG00000132334	48.7316238620829	1	1	1	1	1
ENSG00000164611	88.7583696188823	1	1	1	1	1
ENSG00000129317	30.3391963480645	1	1	1	1	1
ENSG00000171813	1	1	1	1	122.881430620933	1
ENSG00000130508	43.3331305506607	66.7214782376978	87.6351249803364	1	1	120.480853900743
ENSG00000101417	1	1	1	40.2204063230316	1	1
ENSG00000163348	1	1	1	1	1	67.2084798019837
ENSG00000121350	29.4345906828147	1	65.7772089194763	1	39.925248944858	47.7965942517424
ENSG00000060749	46.1280647313271	1	1	1	1	1
ENSG00000104679	1	26.7622947288445	1	1	1	1
ENSG00000117280	27.9938527142862	48.2319064391777	1	1	1	1
ENSG00000118508	79.3072300348394	36.08739433334	1	1	1	105.493556326092
ENSG00000100228	1	1	1	1	178.71172127386	1
ENSG00000172794	1	36.0145860486336	1	1	1	1
ENSG00000127328	1	28.8604238559512	53.822789589827	1	82.927235622682	1
ENSG00000029725	1	26.7682226799623	1	33.3490715680504	1	1
ENSG00000154710	1	1	1	39.2598957648438	1	39.1678581483005
ENSG00000144134	1	1	1	1	128.816750042585	1
ENSG00000079974	1	1	1	1	270.722128113712	1
ENSG00000128340	142.966692139042	1	1	1	1	85.9543124622352
ENSG00000101146	1	1	1	1	1	68.3402705543357
ENSG00000164520	1	1	1	69.1435876174435	1	60.0641757994983
ENSG00000203722	53.2020836374182	1	1	1	1	50.1897186018777
ENSG00000155918	1	1	1	199.088886102985	1	56.3813377638551
ENSG00000170471	1	33.257341724367	1	1	34.0784160688554	78.9934956818799
ENSG00000116191	1	1	1	39.0160068528181	44.8263201715182	1
ENSG00000138698	49.6171027206985	1	1	1	1	1
ENSG00000123728	1	1	1	1	1	56.2361905858957
ENSG00000109756	1	28.95917430254	1	43.2993293824178	1	1
ENSG00000108352	57.8593659246768	1	76.8097448251775	241.851448291896	1	106.071388129587
ENSG00000118849	1	1454.05939210997	187.657245536216	1	245.279864780394	95.4696091653651
ENSG00000145715	1	29.4291691972207	1	46.7166257104635	1	55.1325630839411
ENSG00000266094	1	1	1	42.0598575977821	1	1
ENSG00000169435	107.778960906353	1	1	1	1	1
ENSG00000198774	1	37.2740609917456	1	1	1	1
ENSG00000089050	1	66.5688876801816	41.6302934312993	40.3090594386708	1	1
ENSG00000277564	44.3250146156112	1	1	44.8658835477893	1	1
ENSG00000100320	44.3250146156112	1	1	44.8658835477893	1	1
ENSG00000089682	39.5289892542752	1	1	1	1	55.6475621022059
ENSG00000114115	98.2272305279434	1	1	1	1	53.4647618197612
ENSG00000135870	1	28.4626432591413	1	1	1	1
ENSG00000159200	1	36.1219611139449	1	1	1	1
ENSG00000117602	1	1	1	1	119.396354782203	41.8210011266475
ENSG00000180198	1	32.7805910377464	1	1	1	1
ENSG00000120158	28.6613254872189	1	1	1	1	1
ENSG00000089902	1	46.6279817739447	1	85.838667141485	1	91.3622213171394
ENSG00000004700	56.2924088818111	1	1	1	1	1
ENSG00000134444	1	1	1	63.6462332911505	1	1
ENSG00000292155	1	34.3351481510727	71.5633773939368	53.6972124692217	1	39.922803063642
ENSG00000042445	1	34.3351481510727	71.5633773939368	53.6972124692217	1	39.922803063642
ENSG00000169733	1	32.5830856970429	48.3512875892845	1	1	35.135887610989
ENSG00000087903	1	1	1	1	181.850326211119	1
ENSG00000080298	1	1	1	1	242.294728684526	1
ENSG00000107185	1	32.7501840144161	1	1	1	1
ENSG00000116741	60.5945587526115	1	1	60.4299750481778	1	86.9556421348148
ENSG00000126858	1	29.3860725146354	1	1	1	1
ENSG00000158423	1	1	1	1	151.642737640034	1
ENSG00000128408	1	1	1	1	129.551553509057	1
ENSG00000164327	1	45.4733673382693	1	1	46.3976554454096	63.8955189379018
ENSG00000178796	1	1	1	1	254.588064596473	1
ENSG00000170854	1	39.3381371843311	1	1	1	45.2185537286944
ENSG00000137275	1	1	1	49.0343853108341	1	1
ENSG00000111913	1	1	1	1	174.886821119295	1
ENSG00000129538	1	321.704340479334	652.150236802664	1	1	161.458423571661
ENSG00000136104	47.9672005578305	1	1	1	1	1
ENSG00000070423	50.6367834373363	1	1	35.0413679629125	1	100.205827527569
ENSG00000133135	34.3837766336073	1	1	1	1	1
ENSG00000176641	1	47.4478980305132	1	66.8021006220392	1	1
ENSG00000158286	33.2422606867529	1	1	1	1	1
ENSG00000011275	36.4779902902387	52.1002952286719	1	1	1	1
ENSG00000170633	38.1025738841049	1	1	1	1	1
ENSG00000112130	42.5721627327097	1	1	1	1	48.8453079673093
ENSG00000142327	1	31.9052064900324	1	1	1	1
ENSG00000145491	1	1	1	1	691.582281682779	1
ENSG00000069667	1	1	1	38.9919572419903	1	1
ENSG00000104237	1	1	1	1	235.546933827557	1
ENSG00000132383	1	32.4732270292011	1	1	1	1
ENSG00000197713	30.3494545072096	29.7062006151291	1	1	1	69.041497304336
ENSG00000156313	1	1	1	1	109.37613828879	1
ENSG00000153574	1	39.2475300557298	1	1	1	1
ENSG00000280858	2031.36026234785	687.296027046543	1	1	1239.89843345055	1
ENSG00000148303	2031.36026234785	687.296027046543	1	1	1239.89843345055	1
ENSG00000148688	28.3111935245431	1	1	1	1	47.4746597442375
ENSG00000278229	360.79415485163	132.827151853669	1	1	293.851036195464	1
ENSG00000182774	360.79415485163	132.827151853669	1	1	293.851036195464	1
ENSG00000223367	4765.08793678033	1623.14803595492	1	1	2040.52594399419	1
ENSG00000235650	4765.08793678033	1623.14803595492	1	1	2040.52594399419	1
ENSG00000226225	4765.08793678033	1623.14803595492	1	1	2040.52594399419	1
ENSG00000227794	4765.08793678033	1623.14803595492	1	1	2040.52594399419	1
ENSG00000096150	4765.08793678033	1623.14803595492	1	1	2040.52594399419	1
ENSG00000231500	4765.08793678033	1623.14803595492	1	1	2040.52594399419	1
ENSG00000280831	1355.5194073676	556.6992159361	1	1	1373.38447434933	1
ENSG00000118181	1355.5194073676	556.6992159361	1	1	1373.38447434933	1
ENSG00000129824	1	46.9624061975942	62.0799888612149	1	66.037194440461	1
ENSG00000108443	1	1	1	69.7904920790578	1	1
ENSG00000274646	1951.17970729007	858.045788039087	1	1	1324.34813770161	1
ENSG00000274005	1951.17970729007	858.045788039087	1	1	1324.34813770161	1
ENSG00000277079	1951.17970729007	858.045788039087	1	1	1324.34813770161	1
ENSG00000274950	1951.17970729007	858.045788039087	1	1	1324.34813770161	1
ENSG00000274626	1951.17970729007	858.045788039087	1	1	1324.34813770161	1
ENSG00000277359	1951.17970729007	858.045788039087	1	1	1324.34813770161	1
ENSG00000275323	1951.17970729007	858.045788039087	1	1	1324.34813770161	1
ENSG00000278081	1951.17970729007	858.045788039087	1	1	1324.34813770161	1
ENSG00000278270	1951.17970729007	858.045788039087	1	1	1324.34813770161	1
ENSG00000170889	1951.17970729007	858.045788039087	1	1	1324.34813770161	1
ENSG00000215853	1	1	1	114.343147555557	1	1
ENSG00000166592	1	1	1	1	325.12808052154	1
ENSG00000025039	1	101.370653362805	79.364030528923	1	57.4526372041362	1
ENSG00000126458	69.047613826966	1	75.926176792321	1	1	106.34613803677
ENSG00000167325	46.2442649354216	23.9155930617404	1	1	1	68.7274261318157
ENSG00000124541	1	1	1	1	1	43.5386515381242
ENSG00000179041	55.6318869451085	1	1	1	1	1
ENSG00000134321	1	1	629.576812663863	181.094756511162	1	600.997559758195
ENSG00000081019	1	24.956618970451	1	1	1	1
ENSG00000160188	1	1	1	1	1551.10107233423	1
ENSG00000111834	1	1	1	1	232.211147116935	1
ENSG00000172426	1	1	1	1	372.121668854351	1
ENSG00000204130	1	1	1	37.683981903471	1	1
ENSG00000140688	1	43.6435019536009	1	1	1	35.1695436460576
ENSG00000175792	37.5928333508363	1	1	1	242.424613791828	1
ENSG00000288411	1	535.052170417724	1	1	1720.64777321998	1
ENSG00000173432	1	535.052170417724	1	1	1720.64777321998	1
ENSG00000177570	1	40.0494330670895	1	1	1	1
ENSG00000177409	1	1	153.071918359067	101.99040818861	1	84.6250123844075
ENSG00000111961	1	1	1	79.0919333389869	1	1
ENSG00000188659	1	1	1	1	362.4656981686	1
ENSG00000145284	37.1344550862941	78.6131435554373	92.8982239490984	1	1	148.104492805153
ENSG00000149021	815.742246059742	47831.3227914091	3491.55852327259	721.523830022295	7191.65754894166	376.172583283807
ENSG00000124939	1	1	1	1	148.966493925008	1
ENSG00000161055	808.090195543328	40676.1140456263	1542.82315790963	146.140621292083	11825.1181825809	243.0719076922
ENSG00000168447	1	37.2843086059973	1	70.9988835294933	1	1
ENSG00000284194	1	41.7206353769776	124.402808655121	42.0087024374469	1	80.8123838124611
ENSG00000167985	48.8876288169239	1	1	1	1	1
ENSG00000204370	59.9195782833708	35.4595828676066	72.2890539476357	1	1	1
ENSG00000170786	1	84.6253312800434	93.9685603741959	67.5374027123006	1	64.6584846689738
ENSG00000100003	42.6784445075501	1	1	1	1	1
ENSG00000113615	1	39.5559151347656	1	1	1	1
ENSG00000141574	1	1	68.9449868589091	1	1	1
ENSG00000138018	1	1	1	43.3943800265974	1	56.0079909034656
ENSG00000001617	1	1	1	39.3253637508609	1	52.0536413807377
ENSG00000112902	46.114411422604	1	1	1	1	1
ENSG00000163904	1	1	1	45.2628358631027	36.1226385801696	1
ENSG00000086475	1	33.5387228542642	1	1	1	1
ENSG00000164402	1	1	1	64.4910000081184	1	1
ENSG00000277377	1	67.7030171230379	1	1	91.4868254633887	1
ENSG00000197249	1	67.7030171230379	1	1	91.4868254633887	1
ENSG00000196136	1	1488.87477389034	976.037252191197	182.269086677953	1	466.037688748355
ENSG00000197641	142.815953711532	1	1	412.174687628195	1	249.628536813437
ENSG00000206073	1	724.928213341071	728.588439584901	615.956195925309	1	467.917057476819
ENSG00000166396	1	1	276.803966781134	333.127183544153	1	289.981738500758
ENSG00000106366	221.176881228142	1	1	1	1	111.092696477056
ENSG00000135919	127.128735105858	1	1	1	1	1
ENSG00000149131	80.1287601875045	1	1	1	1	1
ENSG00000149257	66.8338361546597	32.1656083797067	68.5674825929429	1	1	1
ENSG00000197019	43.9609594374093	1	1	52.2904600364832	1	1
ENSG00000149212	106.289635242333	1	1	42.179702064662	1	1
ENSG00000141258	1	51.2002158192744	41.0684981198183	49.9914885621619	1	1
ENSG00000100092	50.199009426316	1	1	1	1	1
ENSG00000147010	1	105.509059549462	156.419865063241	97.5764362730847	1	143.568884211581
ENSG00000174705	1	49.2447804826224	56.4722798165378	1	1	82.4650549383886
ENSG00000156463	1	1	1	26.6290252069041	1	1
ENSG00000107338	1	46.3534102931809	1	1	39.2325822265553	1
ENSG00000180730	1	36.1558840671574	1	1	1	1
ENSG00000182199	45.3939033797151	55.2781170138295	1	1	1	76.839233442513
ENSG00000181788	1	1	1	67.7583566202359	1	73.3030844594356
ENSG00000147955	45.9216383556827	1	1	1	1	63.4397559964375
ENSG00000052723	30.7244206381241	1	1	41.7917657201212	1	61.3789804237916
ENSG00000276371	1	1	1	1	113.379336300313	1
ENSG00000139146	1	1	1	1	113.379336300313	1
ENSG00000116991	1	1	1	49.1704678163173	1	76.1588592904538
ENSG00000198053	40.8505544640589	1	1	1	1	1
ENSG00000187531	1	1	1	1	40.8088698899839	77.4583856299657
ENSG00000064651	1	111.699031297881	114.182364247004	1	1	1
ENSG00000140199	1	1	1	66.6246033206786	1	1
ENSG00000163406	1	101.253025090181	99.009481314419	101.18814743315	37.5455455950993	1
ENSG00000139370	1	1	1	1	1	68.6861069633898
ENSG00000165449	1	36.1028929317857	53.4161944234161	161.319603572924	1	1
ENSG00000292334	826.311808581808	251.567758750018	1	1	234.825325338882	1
ENSG00000169100	826.311808581808	251.567758750018	1	1	234.825325338882	1
ENSG00000155850	50.4243436163451	101.311607891469	1	1	1	1
ENSG00000140284	1	63.1753601126048	1	1	96.9511957868473	1
ENSG00000125520	35.4988892083933	1	1	1	1	1
ENSG00000109667	37.4323419457111	1	1	1	1	1
ENSG00000136867	46.1142400771864	1	1	1	1	1
ENSG00000169359	1	34.2689007830486	1	1	1	1
ENSG00000138459	1	34.1598722327126	1	1	1	1
ENSG00000181830	1	46.136083281168	67.4458696891337	1	1	1
ENSG00000080189	33.4061973446817	54.2428659576384	1	1	1	1
ENSG00000213699	36.5256209700709	1	1	1	1	1
ENSG00000017483	130.407923880583	1	1	1	1	1
ENSG00000282291	1	28.3187861622319	1	1	1	1
ENSG00000133195	1	28.3187861622319	1	1	1	1
ENSG00000165915	38.3571738574481	1	1	1	1	1
ENSG00000104635	84.0112342599298	1	1	1	1	1
ENSG00000138449	1	40.4829371891174	1	1	1	1
ENSG00000136052	1	33.4160928978207	1	1	1	1
ENSG00000203463	1	69.7985692471794	1	1	439.998618264968	1
ENSG00000231479	1	69.7985692471794	1	1	439.998618264968	1
ENSG00000235336	1	69.7985692471794	1	1	439.998618264968	1
ENSG00000228263	1	69.7985692471794	1	1	439.998618264968	1
ENSG00000229077	1	69.7985692471794	1	1	439.998618264968	1
ENSG00000206378	1	69.7985692471794	1	1	439.998618264968	1
ENSG00000232180	1	69.7985692471794	1	1	439.998618264968	1
ENSG00000204385	1	69.7985692471794	1	1	439.998618264968	1
ENSG00000139508	1	83.5937477258935	59.8855599424943	46.30492684322	1	1
ENSG00000088836	1	84.8250395588655	190.874473443281	126.964379530352	54.8878691941552	1
ENSG00000080493	1	99.2119018490946	1	1	1	1
ENSG00000100170	1	37.3573821532348	1	1	1	1
ENSG00000122490	1	1	63.8350329459348	58.324700858041	1	1
ENSG00000268104	1	546.564355318549	1008.77415952491	500.654796561695	1	288.459449646409
ENSG00000163817	1	60.6555937118645	1	1	1	1
ENSG00000130821	59.5927562310721	1	1	1	1	1
ENSG00000139514	72.1170578127398	1	1	1	1	122.420654246788
ENSG00000151012	78.1425734283769	1	1	55.0645072471082	1	108.487706985752
ENSG00000103257	280.216163443191	1	1	1	1	239.650893762076
ENSG00000197818	1	36.6183822012926	1	1	1	1
ENSG00000176463	1	1	1	1	1	59.3559927013796
ENSG00000184564	1	160.462730171647	104.318233746102	89.9090308592602	1	1
ENSG00000126233	1	1	1	76.0503852549176	1	1
ENSG00000136824	56.9107497596572	1	1	1	1	1
ENSG00000113810	42.1981696592056	1	1	1	1	1
ENSG00000157106	32.3013000801893	32.7546000794215	72.7653075185738	1	43.8939120682666	1
ENSG00000248771	1	75.2418804621221	1	1	37.9622403682662	1
ENSG00000204323	1	1	1	77.8664284458997	73.0398313885145	1
ENSG00000259120	1	1	1	1	113.010032658117	1
ENSG00000019549	120.62842693984	1	1	1	1	60.3538690799038
ENSG00000145335	60.0060001585424	1	1	1	1	1
ENSG00000173267	58.345350455847	1	1	58.8553531444439	1	1
ENSG00000197989	41.8570737372195	63.2037438081497	1	1	1	82.8207078957209
ENSG00000250786	1	36.5674133239601	1	1	1	1
ENSG00000060688	32.5065028722905	1	1	1	1	1
ENSG00000260873	42.8502325460524	1	1	1	1	1
ENSG00000168807	42.8502325460524	1	1	1	1	1
ENSG00000188817	1	1	1	1	978.391633148731	1
ENSG00000143376	1	45.6578846502442	1	1	34.0157827571804	1
ENSG00000114520	1	60.2681393122138	65.2198526641464	42.7025003748212	33.304448685701	1
ENSG00000130340	32.7797829870467	31.6538242925116	81.0539551380392	1	1	72.2627668548335
ENSG00000170677	1	43.788854391942	1	57.9909586749465	1	1
ENSG00000137642	40.8012663547172	45.3519700763117	1	1	1	1
ENSG00000186212	1	1	64.3101216954614	163.20578247017	1	83.152745212529
ENSG00000125285	1	67.3512584119313	1	134.837965026355	1	1
ENSG00000185404	1	1	1	1	1	90.3145399911607
ENSG00000064199	1	1	1	1	390.888886132921	1
ENSG00000165698	1	1	1	1	267.45069083383	1
ENSG00000104450	1	1	81.7691955146854	1	193.215022857471	1
ENSG00000144451	1	36.2474179693487	1	1	246.229253894888	1
ENSG00000155761	1	1	1	1	224.897942700939	1
ENSG00000077327	1	1	1	1	358.977496525392	1
ENSG00000137098	1	1	1	1	190.065591992734	1
ENSG00000162814	1	1	1	1	127.804526325583	1
ENSG00000163071	1	1	1	1	332.328735463171	1
ENSG00000167523	1	1	1	1	163.710499959815	1
ENSG00000124664	1	53.942130575766	1	1	1	1
ENSG00000101222	1	1	1	1	121.326084528098	1
ENSG00000152582	1	1	1	1	199.66803987883	1
ENSG00000133710	135.755549899241	46.0186472754011	94.8338280512817	2481.25376356785	1	453.922465360777
ENSG00000134278	1	46.7921096224965	1	1	1	83.5425197408858
ENSG00000183018	1	45.1685636463866	186.820307819395	1	1	1
ENSG00000144228	1	1	1	47.1052754114935	73.5861014027052	1
ENSG00000111412	1	34.9872679947943	1	51.2052711274272	1	56.5660582849142
ENSG00000169474	1	1	169.479480986474	4446.98150249272	1	1999.26337592371
ENSG00000169469	516.246849422685	224.428155532106	2928.2034422522	8166.46213528217	1	6054.46418828144
ENSG00000241794	1	1	664.017302276058	233.641413738854	1	519.850616780774
ENSG00000163216	1	1	477.596825162601	667.29141449569	1	642.538302562412
ENSG00000203785	1	1	134.13365490945	551.657250863341	1	206.613452959183
ENSG00000163209	1	1	524.452817658015	12499.3490997482	1	1044.52433307496
ENSG00000176422	1	28.0618768836695	64.79229493549	1	1	1
ENSG00000173898	1	1	1	98.6166589134672	1	63.7999964735761
ENSG00000196542	1	95.5430332559908	238.671149903889	351.095257258678	1	116.753668127389
ENSG00000291971	40.3275549247066	1	1	1	1	1
ENSG00000197122	40.3275549247066	1	1	1	1	1
ENSG00000145545	1	1	1	1	1	77.6698546809892
ENSG00000116649	51.7804833022772	25.7387791556546	1	1	1	64.9830804818732
ENSG00000096063	49.8026215033435	49.4101780477499	47.9490825716374	1	1	1
ENSG00000087087	64.6271560644188	41.1325042538049	65.4310435202739	1	1	1
ENSG00000271303	53.6441960850305	1	1	1	1	125.16320711208
ENSG00000130511	1	1	1	1	192.239774107425	1
ENSG00000084112	65.0263146040262	1	1	1	1	1
ENSG00000117155	37.6806946367446	1	1	1	1	1
ENSG00000070731	47.3117945346751	1	1	1	1	1
ENSG00000136840	1	37.8161600659659	1	1	1	1
ENSG00000131748	1	39.8540126341267	1	1	1	1
ENSG00000172345	34.192018460326	1	1	1	1	1
ENSG00000040341	1	76.5203952853994	1	48.3913974942607	1	1
ENSG00000113739	1	1	1	1	1	228.956046642239
ENSG00000164647	1	63.3259452502861	63.3271932180631	47.1300700068711	1	1
ENSG00000157214	1	71.9459824892387	47.2540042830752	1	1	1
ENSG00000127954	1	262.577031560942	393.583934155378	79.3297518761108	1	172.328178388118
ENSG00000104375	1	1	1	1	1	50.02838323566
ENSG00000130413	1	1	1	1	193.441121825194	1
ENSG00000211455	1	1	1	1	1	64.4117913155379
ENSG00000230873	1	1	1	1	120.123708021843	1
ENSG00000107960	1	28.7151118987962	1	92.9960415576545	34.4431730196702	1
ENSG00000133115	1	1	1	1	229.98742373607	1
ENSG00000140022	105.679982644354	1	1	1	1	65.551173675119
ENSG00000101846	1	47.0385629598366	107.578531797807	1	1	1
ENSG00000134910	41.8431755082815	53.3148994079652	1	1	1	66.0873247506777
ENSG00000103496	35.9783329318756	1	1	1	1	1
ENSG00000135823	56.9280068126056	1	1	43.7058111296444	1	1
ENSG00000164506	1	1	1	36.074879717797	1	1
ENSG00000198252	1	32.5870595754096	1	1	1	1
ENSG00000196562	39.4448813164928	1	1	1	1	1
ENSG00000088002	1	1	1	76.3246739467526	1	72.9176848415957
ENSG00000109111	1	29.8217859620896	1	1	1	1
ENSG00000280951	37.8248289306191	1	1	1	1	1
ENSG00000148248	37.8248289306191	1	1	1	1	1
ENSG00000143502	1	31.1745197831526	1	45.658901706522	1	1
ENSG00000197321	59.5250988853186	1	1	1	1	1
ENSG00000147642	1	66.0942038991824	1	1	42.333291862162	1
ENSG00000131018	1	1	1	1	114.690282455615	1
ENSG00000181392	1	50.0869211475978	41.2545602128835	1	1	1
ENSG00000100321	1	35.3998227779065	1	1	1	1
ENSG00000078269	1	33.1673326425984	1	1	1	1
ENSG00000103528	1	30.4614381595771	1	1	1	1
ENSG00000288149	150.464199949396	1	1	1	178.860543329194	1
ENSG00000149043	150.464199949396	1	1	1	178.860543329194	1
ENSG00000147041	1	27.2650718328728	1	50.6037692556667	1	1
ENSG00000162298	1	43.660720746637	1	1	1	1
ENSG00000120656	53.2537787240179	1	1	27.6251187031563	1	57.3033502483615
ENSG00000149591	113.77335746647	1	1	1	1	173.421743711272
ENSG00000289740	1	42.2545240438072	1	50.1932298250104	1	1
ENSG00000139192	1	35.957883367432	1	1	1	1
ENSG00000291730	37.4648170779375	1	1	1	38.0317329238429	70.4043125647614
ENSG00000147687	37.4648170779375	1	1	1	38.0317329238429	70.4043125647614
ENSG00000213977	214.574916361827	51.5694761626332	1	1	1	1
ENSG00000132405	30.6297953291791	1	1	44.7286996649659	1	1
ENSG00000054611	1	29.8338427497595	1	1	1	1
ENSG00000167202	33.493031929832	1	1	1	1	1
ENSG00000124659	33.430516731887	1	1	1	1	1
ENSG00000101849	1	37.2054443728859	48.7370863781615	1	39.7172890557919	1
ENSG00000136270	38.5961428448115	1	1	1	1	1
ENSG00000140262	51.5229086961098	38.5968016117485	56.2344181966391	1	1	1
ENSG00000176907	1	33.4649928743077	1	1	1	1
ENSG00000110719	1	70.2924535817721	105.278255314687	60.8682932665936	1	58.282494792248
ENSG00000134827	1	239.761965499651	307.045572667274	948.771141390392	1	169.626230367378
ENSG00000070814	43.9554426091733	1	1	1	1	1
ENSG00000204852	41.5542931808675	1	1	1	262.142296416344	1
ENSG00000167858	1	1	1	1	322.537272982327	1
ENSG00000092850	1	1	1	1	207.025161794644	1
ENSG00000147601	51.3206919451313	39.0886696799844	43.1581583876651	1	1	1
ENSG00000175664	1	1	1	1	141.770123618317	1
ENSG00000151575	1	1	1	1	120.456318981142	1
ENSG00000091513	1	105.740431946086	1	1	1	1
ENSG00000292217	38.2952820198253	1	1	1	1	1
ENSG00000068323	38.2952820198253	1	1	1	1	1
ENSG00000160180	1	474.867146088229	1	1	511.199101710258	1
ENSG00000003436	1	57.9084249160561	1	1	1	1
ENSG00000105825	180.982791711046	88.8787693653663	1	1	1	1
ENSG00000274073	1	1	1	1	124.528401526371	1
ENSG00000273833	1	1	1	1	124.528401526371	1
ENSG00000276022	1	1	1	1	124.528401526371	1
ENSG00000278161	1	1	1	1	124.528401526371	1
ENSG00000276323	1	1	1	1	124.528401526371	1
ENSG00000276263	1	1	1	1	124.528401526371	1
ENSG00000275086	1	1	1	1	124.528401526371	1
ENSG00000276296	1	1	1	1	124.528401526371	1
ENSG00000276504	1	1	1	1	124.528401526371	1
ENSG00000105619	1	1	1	1	124.528401526371	1
ENSG00000120708	118.44775636325	1	1	1	1	1
ENSG00000106799	54.7589738800382	1	1	1	1	1
ENSG00000104055	1	1	1	61.0774268977053	1	1
ENSG00000178726	49.0687109077034	1	1	73.8574129771843	1	105.814090141728
ENSG00000137801	228.51725027403	90.3497150523745	99.6794164021161	1	1	434.186735354974
ENSG00000130193	1	29.3170041364922	1	1	1	1
ENSG00000131652	39.9473358748489	1	1	1	1	1
ENSG00000151090	1	66.717151491958	1	1	1	1
ENSG00000187720	38.0657489664741	1	1	1	1	1
ENSG00000127666	1	1	50.9275515925338	1	1	1
ENSG00000075336	36.5333619352318	1	1	1	1	1
ENSG00000100575	42.9925713267438	1	1	1	1	1
ENSG00000035862	1	49.4026165533701	194.604255042438	145.870426423641	1	221.503817187326
ENSG00000100234	154.384545947122	1	1	1	1	1
ENSG00000142910	378.062251626929	1	50.8242133548089	1	1	133.676960078451
ENSG00000105289	1	53.0035578420494	48.8632766505831	1	137.122090733684	1
ENSG00000167695	45.671645108164	1	1	1	1	47.4698762814184
ENSG00000106829	1	1	50.2665180511759	1	48.3966686342285	1
ENSG00000146872	1	32.9832608161103	1	1	1	1
ENSG00000137462	1	37.2557858455919	139.969126105937	1	1	85.1949621363574
ENSG00000187554	1	33.100804212846	1	1	1	1
ENSG00000198498	51.1145585035867	1	56.8897945721393	1	1	60.8323344431617
ENSG00000277789	1	1	1	1	181.620039140026	1
ENSG00000277667	1	1	1	1	181.620039140026	1
ENSG00000278363	1	1	1	1	181.620039140026	1
ENSG00000274384	1	1	1	1	181.620039140026	1
ENSG00000276260	1	1	1	1	181.620039140026	1
ENSG00000274905	1	1	1	1	181.620039140026	1
ENSG00000274873	1	1	1	1	181.620039140026	1
ENSG00000277996	1	1	1	1	181.620039140026	1
ENSG00000273722	1	1	1	1	181.620039140026	1
ENSG00000167608	1	1	1	1	181.620039140026	1
ENSG00000179029	1	1	1	1	160.030855102007	1
ENSG00000110108	1	1	1	45.2570750547134	1	1
ENSG00000189077	1	38.3459178262121	1	1	1	1
ENSG00000171202	33.9802853497204	33.9822720809502	48.9588094102555	1	36.3408053129041	1
ENSG00000168936	1	28.0509586565854	1	1	1	1
ENSG00000006118	31.9276501618617	1	1	1	1	35.7789460281359
ENSG00000284936	75.325967172658	1	1	1	66.0729876963739	1
ENSG00000111843	75.325967172658	1	1	1	66.0729876963739	1
ENSG00000164855	1	1	1	81.508332518598	1	1
ENSG00000160472	1	1	1	1	2017.14220509164	1
ENSG00000214128	1	50.2094858942605	1	1	1	1
ENSG00000205084	1	1	1	1	309.459927522123	1
ENSG00000186952	1	1	1	1	200.810544268759	1
ENSG00000233493	1	45.5189427155014	62.1232784750631	1	1	1
ENSG00000133678	1	1	1	1	70.6733950053785	48.3468822453019
ENSG00000151135	1	31.037820222108	1	1	1	1
ENSG00000281991	1	56.1937601090366	135.348916719162	122.172224526806	1	150.376827855286
ENSG00000243749	1	1	66.0258692303199	1	1	1
ENSG00000137216	36.5015863661525	1	1	1	1	1
ENSG00000164953	1	1	1	1	170.500138920442	1
ENSG00000159596	47.4178933615822	43.4090000407719	1	1	1	67.8232558230217
ENSG00000163472	58.5173353807681	1	1	179.839142564544	1	82.8124355659416
ENSG00000116857	35.737828770632	29.5456419180433	88.4828533967391	1	76.4625461773322	1
ENSG00000120802	33.9228253848349	1	1	1	1	1
ENSG00000153802	1	1	1	68.8612992128627	1	1
ENSG00000184012	1	34.5373072453502	98.2162850829667	39.5847910551601	49.5152230449297	1
ENSG00000133687	1	1	1	46.0796215829618	1	1
ENSG00000139324	42.7793904072729	1	57.7104470209446	38.3092605809701	1	1
ENSG00000168591	1	35.3275579900495	1	53.5560919976148	1	1
ENSG00000041982	88.7265610526331	1	1	1	1	78.9836986506616
ENSG00000185361	1	1	1	1	327.867469335675	1
ENSG00000125657	1	1	103.017327178078	1	1	1
ENSG00000079308	50.5877376833609	1	1	1	1	1
ENSG00000189350	1	1	1	1	123.075018664286	1
ENSG00000175662	34.6852494498829	29.762526859604	1	155.604058636515	1	54.5425582473934
ENSG00000197579	40.9582205916329	1	1	1	1	51.4710021961053
ENSG00000103460	1	76.7612576369014	1	1	1	1
ENSG00000078804	1	72.7779799060588	99.5176009905673	98.0399807834849	63.8994603421368	1
ENSG00000073282	136.472646621921	1	1	1	1	1
ENSG00000186815	1	43.5631286785578	54.4797654545282	1	1	1
ENSG00000198467	132.069717585856	41.9151960673875	1	1	1	1
ENSG00000137364	45.2320106482088	46.4793906586485	1	1	1	82.191190434077
ENSG00000159713	1	1	1	1	3199.22413850147	1
ENSG00000163870	33.6947626183086	1	47.6191595073831	1	1	103.625076654099
ENSG00000188001	1	1	1	78.2758786100557	1	1
ENSG00000128294	38.9671685040744	1	1	1	1	1
ENSG00000102871	1	1	1	1	40.5427418320854	52.1299831440294
ENSG00000131323	1	1	1	1	42.520646357772	49.9809895034845
ENSG00000204104	1	1	1	1	140.130670421907	1
ENSG00000056972	60.8105896592491	33.9975573252637	91.1156084705479	1	1	87.4891391643219
ENSG00000115993	1	31.3097526899738	1	52.0690660068303	1	1
ENSG00000095970	55.9455452920967	1	1	1	1	1
ENSG00000170855	54.5973103010507	48.5863258922391	76.2895789307951	1	1	67.9665006754953
ENSG00000071575	1	43.9788377412247	96.0441130730216	1	1	77.4282536442333
ENSG00000204977	1	26.3446245978943	1	92.0275715716779	54.9162322015102	1
ENSG00000122779	1	44.753072565139	1	59.2054889442017	1	1
ENSG00000146833	1	1	1	42.1820156681321	1	1
ENSG00000132256	1	37.5480865663286	44.7760352613664	1	1	1
ENSG00000146054	1	1	1	129.840332919208	1	69.6602933120229
ENSG00000038382	1	25.6203263873545	1	1	1	1
ENSG00000089195	1	1	1	1	1	49.8132801678723
ENSG00000130529	1	38.7670980464086	1	51.816243966542	1	1
ENSG00000165832	34.8294005770269	1	1	1	1	1
ENSG00000167112	40.2217416717478	1	1	1	1	1
ENSG00000198860	1	27.9140797447912	1	1	1	63.2613478774768
ENSG00000135951	1	1	1	1	147.598383140907	1
ENSG00000099282	1	39.324790050578	75.0265679902116	54.5580339012887	35.1127807063915	1
ENSG00000231738	1	1	1	1	300.336056826194	1
ENSG00000214063	42.5321255995592	1	1	1	1	1
ENSG00000168785	38.7979346833038	1	1	52.6336951825195	1	1
ENSG00000127324	1	258.341741841211	1	42.7916572005577	1	1
ENSG00000184205	1	39.5833647236803	1	1	1	1
ENSG00000168026	1	1	1	1	109.943507060493	1
ENSG00000006555	1	1	1	64.6731526314865	1	1
ENSG00000105948	1	1	1	1	119.838533233389	1
ENSG00000114999	55.989100344137	1	1	1	1	1
ENSG00000162571	1	1	1	1	114.107705903917	1
ENSG00000136295	1	39.9718269732693	1	1	1	1
ENSG00000167552	40.147593102706	1	1	1	1445.35723273898	1
ENSG00000243910	1	1	1	1	370.025892204193	1
ENSG00000235067	176.627149989626	61.2006208533332	1	1	37.0016930158417	1
ENSG00000232575	176.627149989626	61.2006208533332	1	1	37.0016930158417	1
ENSG00000227739	176.627149989626	61.2006208533332	1	1	37.0016930158417	1
ENSG00000224156	176.627149989626	61.2006208533332	1	1	37.0016930158417	1
ENSG00000229684	176.627149989626	61.2006208533332	1	1	37.0016930158417	1
ENSG00000183311	176.627149989626	61.2006208533332	1	1	37.0016930158417	1
ENSG00000232421	176.627149989626	61.2006208533332	1	1	37.0016930158417	1
ENSG00000196230	176.627149989626	61.2006208533332	1	1	37.0016930158417	1
ENSG00000176014	174.717122515319	1	60.5505515370841	86.9534630026939	1	225.291338788814
ENSG00000086712	34.5005621369159	1	1	1	1	1
ENSG00000153066	1	37.0094006439958	1	62.786679422972	1	1
ENSG00000105397	1	33.1475182480728	1	46.9323227693366	1	58.869029984978
ENSG00000081307	1	32.63088063227	1	1	1	1
ENSG00000153443	31.3672956986602	33.6382640947593	1	65.9373406398526	1	1
ENSG00000108106	47.0567757127453	1	1	1	1	54.1987959153577
ENSG00000130939	51.118524893354	1	1	43.1795875514585	1	1
ENSG00000104517	1	56.833099741695	1	1	58.8342336300735	1
ENSG00000162543	1	1	1	1	250.093635653525	1
ENSG00000158062	1	1	1	1	286.023304807748	1
ENSG00000214049	1	1	1	121.184535169002	1	1
ENSG00000198276	1	24.0219174791968	1	1	1	1
ENSG00000136731	1	29.6725901310486	1	1	1	1
ENSG00000177169	1	33.3194725421249	1	47.9947869039976	1	1
ENSG00000114491	35.4120585145039	1	1	57.7264023492912	1	61.1643322375709
ENSG00000175970	1	1	1	1	111.264412424652	1
ENSG00000107731	52.1923096846732	1	1	91.8475576050941	1	68.79239248589
ENSG00000110057	1	43.4117348784438	45.2508084668606	1	110.904040053749	1
ENSG00000114638	79.2341697320399	202.462775970932	424.737766871141	1537.14108917507	1	408.351308831317
ENSG00000183696	62.6937029240853	1	1	1	1	106.337409510527
ENSG00000140740	79.0490488510624	1	1	1	71.1253658131572	1
ENSG00000103005	42.8579351099873	1	1	1	1	1
ENSG00000155313	1	1	1	45.2634385839985	1	1
ENSG00000140455	1	1	53.3031554521417	1	1	1
ENSG00000170185	1	28.4438616407446	1	1	1	1
ENSG00000145390	1	1	1	59.4983274858856	40.3356970890186	87.9764269163664
ENSG00000108651	36.7007852520546	1	1	1	1	1
ENSG00000115652	52.3478240691633	1	1	1	1	49.0835982873122
ENSG00000134215	1	28.2483797015373	1	61.9335227708902	1	1
ENSG00000026025	107.176770943468	52.9330495164511	1	1	1	1
ENSG00000164944	55.3235428188032	1	1	1	1	1
ENSG00000160131	41.07535932117	1	1	1	33.5386965954975	69.2820291232202
ENSG00000182853	1	369.555601228403	106.525194052534	1	42.3548804641707	1
ENSG00000151502	29.2312232920526	1	44.7208388566439	1	36.7455282982164	1
ENSG00000157538	32.3848552361257	44.7099697197617	1	1	1	1
ENSG00000166887	1	32.0391698579895	1	39.0596319161584	1	1
ENSG00000163159	28.9003260160018	29.9557387557748	1	1	1	66.9727934773071
ENSG00000186806	1	1	1	66.6600615047523	1	1
ENSG00000019102	1	109.73922355186	144.164264375963	76.0037907523147	1	1
ENSG00000163032	75.6421934254342	1	1	1	1	1
ENSG00000134258	39.5833262970743	69.7020948293627	84.7146844971671	73.1598734161812	1	1
ENSG00000179403	1	54.1801955701095	68.2520121531354	1	1	1
ENSG00000168658	1	1	1	1	170.068034027657	1
ENSG00000139668	44.6754305819131	1	1	53.1123084902369	1	1
ENSG00000065268	36.1218878456268	1	1	1	1	1
ENSG00000136918	1	1	1	1	497.544128655067	1
ENSG00000164253	43.567644133984	1	1	1	1	1
ENSG00000114742	1	38.5376690223119	1	1	1	1
ENSG00000005448	1	1	1	1	489.768395668511	1
ENSG00000115368	1	1	1	1	1	49.4913146334296
ENSG00000161996	1	1	1	1	110.373905119165	1
ENSG00000261040	1	211.18975275029	662.379583838781	1415.44106762486	1	260.593341834294
ENSG00000156232	1	36.6084137860728	1	1	1	1
ENSG00000165238	1	34.1224359617162	1	1	1	1
ENSG00000135925	88.5359396368652	1	1	1	1	1
ENSG00000162552	131.23249931192	1	1	1	1	1
ENSG00000047644	1	23.4560882964652	1	1	1	1
ENSG00000198373	1	67.3643070744341	96.3971510048013	64.5517891061496	61.6534949897862	1
ENSG00000154767	42.251161756655	1	1	1	1	1
ENSG00000169180	1	30.6532214662898	55.4767313626547	43.530956486487	1	1
ENSG00000114127	1	29.0525164348024	1	51.4745762259339	1	1
ENSG00000134684	1	43.0249669202353	78.5550336408104	59.8471637637662	1	93.8458160052574
ENSG00000161179	1	1	1	1	1	52.6195726189982
ENSG00000180667	1	1	1	51.9248667676497	1	1
ENSG00000169064	1	1	1	1	187.377529020287	1
ENSG00000177888	1	29.5070948640244	1	1	1	1
ENSG00000160685	1	31.8750055095599	1	64.565176961893	1	1
ENSG00000188177	1	50.7673274355103	48.1302062418215	1	50.6835059052749	1
ENSG00000104219	1	43.9384020834268	1	1	1	1
ENSG00000175893	1	1	1	42.4972569796219	1	1
ENSG00000160445	1	25.4418885254689	1	47.5303981583592	1	1
ENSG00000162300	1	33.4202139125565	1	1	1	1
ENSG00000283056	1	53.204498339651	1	1	1	1
ENSG00000162078	1	53.204498339651	1	1	1	1
ENSG00000108175	66.5421862922531	1	1	1	1	1
ENSG00000147130	1	34.0370721739361	1	1	1	1
ENSG00000004838	1	1	1	1	638.047640229555	1
ENSG00000172262	38.2365796451958	1	1	1	1	62.9826418498226
ENSG00000167380	1	27.4365180377482	1	1	1	1
ENSG00000162702	42.3245890912817	38.7937740387879	1	1	1	70.9758408846679
ENSG00000198816	39.0624063270475	1	1	1	1	1
ENSG00000075407	31.7468144440354	1	1	1	1	1
ENSG00000161642	187.564291508649	1	1	90.0461490048112	1	113.407018847298
ENSG00000186918	80.2968655272472	38.760516863218	1	1	1	1
ENSG00000119725	1	1	1	64.4084390549639	1	54.186614724685
ENSG00000196705	35.711313482806	1	1	63.8238684408531	1	1
ENSG00000171295	1	1	1	1	112.971887945729	1
ENSG00000148143	37.7869254437827	1	1	1	1	1
ENSG00000243660	1	1	1	1	114.61775484614	1
ENSG00000165655	39.0566125985709	1	1	1	1	1
ENSG00000168916	1	35.3836853257595	1	1	1	1
ENSG00000229809	1	1	1	1	110.964422922117	1
ENSG00000142409	1	40.9148344725214	48.2522708563648	1	1	1
ENSG00000224689	1	1	1	278.290731816086	1	92.4727184999596
ENSG00000167232	1	36.7560313508936	1	1	1	1
ENSG00000174276	1	1	1	1	115.359688997176	1
ENSG00000117174	1	148.931628460589	171.334589899931	55.8084108613806	1	77.3443989927728
ENSG00000109917	36.1160928481085	1	1	1	1	1
ENSG00000019995	1	26.8828733128069	1	50.8568109892221	1	67.8232303401559
ENSG00000235109	1	1	1	59.9477471583538	1	1
ENSG00000162378	35.7672128072801	1	1	42.5348278361495	1	1
